cid,Smiles,classlabel
CHEMBL418303,Cc1ccc2cccc(OC(=O)/C=C/c3ccc(O)c(O)c3)c2n1,0
CHEMBL108253,O=C(O)C(=O)/C=C(\O)c1cccc(OCc2ccccc2)c1,0
CHEMBL164,O=c1c(O)c(-c2cc(O)c(O)c(O)c2)oc2cc(O)cc(O)c12,0
CHEMBL3740456,COc1ccc(C2=Cc3ccc(F)cc3C(CC(=O)C(C)O)N2c2ccc(C#N)cc2)cc1,0
CHEMBL1230532,O=C(O)Cc1c(-c2ccccc2)c2cc(Cl)ccc2[nH]c1=O,0
CHEMBL1773413,CN(C)S(=O)(=O)c1cn(Cc2ccc(F)cc2)c2cnc3c(c12)CCN(O)C3=O,1
CHEMBL4473298,Cn1c(Nc2cccc(-c3cccc(C#N)c3)c2)cc(=O)n(O)c1=O,0
CHEMBL478246,Cc1cc(O)c(C(=O)/C=C/c2ccc(N(C)C)s2)c(=O)o1,0
CHEMBL550784,Cc1nc(CN2CCn3c(nc(C(=O)NCc4ccc(F)cc4)c(O)c3=O)C2(C)C)no1,1
CHEMBL1668660,CC1C(=O)N(O)C(=O)c2ccccc21,0
CHEMBL2311867,COc1cc(Br)cc(/C=N/NC(=O)c2ccccn2)c1O,0
CHEMBL2316117,C[C@@H](O)CNC(=O)c1c(O)c2ncc(Cc3ccc(F)cc3)cc2[nH]c1=O,1
CHEMBL3414874,O=C1Cc2cc(Cc3ccc(-c4ccc(C(F)(F)F)cc4C(F)(F)F)cc3)ccc2C(=O)N1O,0
CHEMBL3238129,CCN1CCN(c2ccc3c(=O)c(C(=O)/C=C(\O)C(=O)O)cn(Cc4ccc(F)cc4)c3c2)CC1,0
CHEMBL128547,O=C1c2ccccc2C(=O)c2c(Nc3ccc(S(=O)(=O)N(CCO)CCO)cc3)ccc(O)c21,0
CHEMBL498634,O=C1NC(=S)NC(=O)C1=Cc1ccc(-c2cc(C(=O)O)cc3c2OCO3)o1,0
CHEMBL389142,CN1CCOCC1c1nc(C(=O)NCc2cccc(Cl)c2)c(O)c(=O)n1C,1
CHEMBL416582,CC(=O)Oc1ccc(/C=C/C(=O)NCCOC(=O)/C=C/c2ccc(OC(C)=O)c(OC(C)=O)c2)cc1OC(C)=O,0
CHEMBL412570,CC1=NN(C(=O)c2ccccc2O)C(=O)/C1=C/c1cccc(O)c1,0
CHEMBL3309268,CCNC(=O)Cn1c(=O)c(C(=O)NC)c(O)c2ncc(Cc3ccc(F)cc3)cc21,1
CHEMBL177705,O=C1c2c(c(O)c3nccnc3c2O)C(=O)N1Cc1ccc(OC(F)(F)F)cc1,0
CHEMBL572901,CN1CCN(c2cc(C(=O)NCc3ccc(F)cc3)c(O)c3ncccc23)CC1,1
CHEMBL1214585,CCOC(=O)/C(O)=C/C(=O)c1cn(Cc2ccc(Cl)cc2F)c2cccc(OC)c12,0
CHEMBL174039,O=C(NNC(=O)c1ccccc1O)c1ccccc1O.O=C(NNCC(O)COc1ccccc1)c1ccccc1O,0
CHEMBL2398133,CC(C)C[C@@H]1NC(=O)[C@H](CCCCN)NC(=O)[C@H](CC(C)C)NC(=O)[C@@](C)(NC(=O)[C@H](Cc2ccccc2)NC(=O)[C@H](Cc2ccc(O)cc2)NC(=O)[C@H](C)NC(=O)[C@@H](N)[C@@H](C)O)CC/C=C/CC[C@@](C)(C(=O)NCC(=O)N[C@@H](CCCNC(=N)N)C(=O)N[C@@H](Cc2c[nH]c3ccccc23)C(=O)O)NC1=O,0
CHEMBL2316124,Cn1c(=O)c(C(=O)NC2(CO)CCCC2)c(O)c2ncc(Cc3ccc(F)cc3)cc21,1
CHEMBL3087629,Cc1cccc(Cn2cccc2/C=C/C(=O)CC(=O)C(=O)O)c1,0
CHEMBL558481,O=C(O)Cn1cc(C(=O)O)c(=O)c2cc(Cc3cccc(Cl)c3Cl)ccc21,1
CHEMBL4276707,COc1ccc(Sc2cc(=O)n(O)c(=O)[nH]2)cc1,0
CHEMBL467410,C=C(CC[C@@H](C)[C@H]1CC=C2C3=C(C(=O)[C@H](OC(C)=O)[C@@]21C)[C@@]1(C)C[C@@H](O)[C@H](O)C(C)(C)[C@@H]1CC3)C(C)C,0
CHEMBL377501,O=C(O)C(=O)/C=C(\O)c1ccc2c(c1)c(=O)c(/C(O)=C/C(=O)C(=O)O)cn2Cc1ccc(F)cc1,1
CHEMBL2316111,CN(CCNC(=O)c1c(O)c2ncc(Cc3ccc(F)cc3)cc2[nH]c1=O)S(C)(=O)=O,1
CHEMBL360065,O=C1c2c(c(O)c3nnccc3c2O)C(=O)N1Cc1cccc(Br)c1,0
CHEMBL79687,O=C1C(=O)c2ccccc2C(O)=C1Cc1ccc(Cl)cc1,0
CHEMBL456365,CCOC(=O)/C(O)=C/C(=O)c1cn(Cc2ccc(F)cc2)c2cc(N3CCCC3)ccc2c1=O,0
CHEMBL323255,O=C1Sc2ccc(Br)cc2C(=O)N2CCSC12,0
CHEMBL3414870,CS(=O)(=O)c1ccc(-c2ccc(Cc3ccc4c(c3)CC(=O)N(O)C4=O)cc2)cc1,0
CHEMBL1222460,COC(=O)N1C[C@@H](F)C[C@H]1c1nc(C(=O)NCc2ccc(C)c(Cl)c2)c(O)c(=O)n1C,1
CHEMBL554737,CC1(C)c2nc(C(=O)NCc3ccc(F)cc3)c(O)c(=O)n2CCN1S(C)(=O)=O,1
CHEMBL241606,O=C(Nc1ccccc1C(=O)O)c1ccc(C(=O)Nc2ccccc2C(=O)O)cc1,0
CHEMBL557646,CC1(C)c2nc(C(=O)NCc3ccc(F)cc3)c(O)c(=O)n2CCN1Cc1cn[nH]c1,1
CHEMBL82696,O=C(O)c1ccc(C(c2c(O)oc3ccccc3c2=O)c2c(O)oc3ccccc3c2=O)cc1,0
CHEMBL1813508,O=C(NCc1ccc(C(F)(F)F)cc1)c1cc(S(=O)(=O)N2CCCCC2)cc(O)c1O,0
CHEMBL264263,O=C(Nc1ccc(O)c(-c2nc3ccccc3o2)c1)c1cccc2ccccc12,0
CHEMBL456791,CCOC(=O)/C(O)=C/C(=O)c1cn(Cc2ccc(F)cc2)c2cc(Cl)ccc2c1=O,0
CHEMBL240752,NC(=O)NN=C1c2cc(S(=O)(=O)NCc3ccco3)ccc2-c2ccc(S(=O)(=O)NCc3ccco3)cc21,0
CHEMBL236614,N#C/C(=C\c1ccc(-c2ccc(Cl)c(C(=O)O)c2)o1)c1nc2ccccc2[nH]1,0
CHEMBL1214480,CCOC(=O)/C(O)=C/C(=O)c1cn(Cc2cccc(F)c2Cl)c2cccc(OC)c12,0
CHEMBL1269478,O=c1ccc2cccnc2n1O,0
CHEMBL3414858,Cc1ccc(Cc2ccc3c(c2)CC(=O)N(O)C3=O)cc1,0
CHEMBL3582071,O=C(O)/C(O)=C/C(=O)c1cn(Cc2ccc(F)c(Cl)c2)c2ccccc2c1=O,0
CHEMBL254646,COc1cccc(/C=N/NC(=O)c2cccc(O)c2O)c1OC,0
CHEMBL392938,Cc1ccc2[nH]c(/C(C#N)=C/c3ccc(-c4ccc(Cl)cc4C(=O)O)o3)nc2c1,0
CHEMBL3310094,CN(C)C(=O)Cn1c(=O)c(C(=O)NCCN2CCOCC2)c(O)c2ncc(Cc3ccc(F)cc3)cc21,1
CHEMBL309502,O=c1c(C(c2ccc3ccccc3c2)c2c(O)oc3cc(O)ccc3c2=O)c(O)oc2cc(O)ccc12,0
CHEMBL389881,O=C(O)C(=O)CC(=O)c1ccc(N2CCOCC2)cc1,0
CHEMBL293788,CC(=O)Oc1cccc2ccc(/C=C/c3ccccc3)nc12,0
CHEMBL2206769,O=C(O)CNS(=O)(=O)c1cc(O)c(O)c2c1CN(Cc1ccc(F)c(Cl)c1)C2=O,1
CHEMBL492932,CCN(C(=O)CN1CCOCC1)c1cccn2c(=O)c(O)c(C(=O)NCc3ccc(F)cc3)nc12,1
CHEMBL492543,CCN(C(=O)C(=O)N1CCN(C)CC1)c1cccn2c(=O)c(O)c(C(=O)NCc3ccc(F)cc3)nc12,1
CHEMBL237942,O=C1c2c(O)c(O)c(I)c(=O)n2CCN1Cc1ccc(F)cc1,1
CHEMBL198442,O=C(Cc1ccccc1)Nc1cc(C(=O)O)c(NC(=O)Cc2ccccc2)cc1C(=O)O,0
CHEMBL561646,O=C1c2c(ccc(O)c2O)CN1Cc1ccc(F)cc1Cl,0
CHEMBL3597536,CC(C)C(C(=O)O)N1C(=O)/C(=C/c2ccc(O)cc2)SC1=S,0
CHEMBL431948,O=C(/C=C\c1ccc(O)c(O)c1)OC1CC(OC(=O)/C=C\c2ccc(O)c(O)c2)(C(=O)O)CC(O)C1O,0
CHEMBL370620,O=C(O)C(=O)/C=C(\O)c1cn(Cc2ccccc2)c(=O)n(Cc2ccccc2)c1=O,0
CHEMBL427235,CC(C)C[C@H](NC(=O)[C@H](CCCCN)NC(=O)[C@H](CC(C)C)NC(=O)[C@H](CC(C)C)NC(=O)[C@H](Cc1ccccc1)NC(=O)[C@H](Cc1ccc(O)cc1)NC(=O)[C@H](C)NC(=O)[C@@H](N)[C@@H](C)O)C(=O)N[C@@H](C)C(=O)NCC(=O)N[C@@H](CCCN=C(N)N)C(=O)N[C@@H](Cc1c[nH]c2ccccc12)C(N)=O,0
CHEMBL199145,O=C(NCc1ccc(F)cc1)c1ncc2cccnc2c1O,1
CHEMBL461996,Cc1cc(S(=O)(=O)Nc2nc3cc(C(C)(C)C)sc3c(=O)n2Cc2ccccc2)c(S)cc1Cl,0
CHEMBL170850,COOC(=O)c1cc2cc(O)c(O)cc2cn1,0
CHEMBL454633,O=S1(=O)CCCCN1c1nc(-c2nnc(Cc3ccc(F)cc3)o2)c(O)c2ncccc12,1
CHEMBL428673,CC[C@H](C)[C@@H](N)C(=O)N[C@H](CC(C)C)C(=O)N1CCC[C@@H]1C(=O)N[C@H](Cc1c[nH]c2ccccc12)C(=O)N[C@H](CCCCN)C(=O)N[C@H](Cc1c[nH]c2ccccc12)C(=O)N1CCC[C@@H]1C(=O)N[C@H](Cc1c[nH]c2ccccc12)C(=O)N[C@H](Cc1c[nH]c2ccccc12)C(=O)N1CCC[C@@H]1C(=O)N[C@H](Cc1c[nH]c2ccccc12)C(=O)N1CCC[C@@H]1C(=O)N1CCC[C@@H]1C(=O)NCCCCC(NC(=O)[C@H]1CCCN1C(=O)[C@H]1CCCN1C(=O)[C@@H](Cc1c[nH]c2ccccc12)NC(=O)[C@H]1CCCN1C(=O)[C@@H](Cc1c[nH]c2ccccc12)NC(=O)[C@@H](Cc1c[nH]c2ccccc12)NC(=O)[C@H]1CCCN1C(=O)[C@@H](Cc1c[nH]c2ccccc12)NC(=O)[C@@H](CCCCN)NC(=O)[C@@H](Cc1c[nH]c2ccccc12)NC(=O)[C@H]1CCCN1C(=O)[C@@H](CC(C)C)NC(=O)[C@H](N)[C@@H](C)CC)C(N)=O,0
CHEMBL385951,O=C(NCc1ccccc1)c1nc(-c2ccccc2)nc(O)c1O,1
CHEMBL297923,COc1ccc(-c2c3n(c4c(=O)oc5cc(OS(=O)(=O)[O-])c(OC)cc5c24)C(O)Cc2c-3cc(OC)c(OC)c2OC)cc1O.[Na+],0
CHEMBL2442188,CCS(=O)(=O)NCCCn1c(C(C)(C)C)nc(C(=O)NCc2ccc(F)cc2)c(O)c1=O,0
CHEMBL3288833,COC(=O)[C@H](Nc1c(C(=O)NCc2ccc(F)cc2F)c(=O)n(O)c2ncccc12)c1ccccc1,1
CHEMBL209879,O=C(CC(=O)C(=O)O)CC(=O)c1ccccc1C(F)(F)F,0
CHEMBL1222458,CC(=O)N1C[C@@H](F)C[C@H]1c1nc(C(=O)NCc2ccc(F)c(C)c2)c(O)c(=O)n1C,1
CHEMBL1914550,O=C(NCc1ccc(F)cc1C(F)(F)F)c1c(O)c2ncc(Cc3ccccc3)cc2[nH]c1=O,1
CHEMBL430168,CCOc1ccc(C(=O)C2=C(O)C(=O)N(c3nccs3)C2c2ccc(O)c(OC)c2)cc1,0
CHEMBL2180585,CS(=O)(=O)NCCCN(c1nc(C(=O)NCc2ccc(F)cc2)c(O)c2ncccc12)S(C)(=O)=O,0
CHEMBL1269893,COc1ccc(/C=C2\C(=O)N(c3cccc(Br)c3)N=C2C(=O)O)cc1OCc1ccc(F)cc1,0
CHEMBL245519,NS(=O)(=O)c1cc(F)ccc1CNC(=O)c1nc(N2CCCCS2(=O)=O)c2cccnc2c1O,1
CHEMBL559493,Cc1nc(C)c(C(=O)N2CCCCC2c2nc(C(=O)NCc3ccc(F)cc3)c(O)c(=O)[nH]2)s1,1
CHEMBL1669298,COc1ccc(C(=O)Nc2ccc(C(=O)/C=C/c3ccc(O)c(O)c3)cc2)cc1,0
CHEMBL3288826,NCCNc1c(C(=O)NCc2ccc(F)cc2F)c(=O)n(O)c2ncccc12,1
CHEMBL497226,Cc1ccc(C(=O)O)cc1-c1ccc(C=C2C(=O)NC(=S)NC2=O)o1,0
CHEMBL358821,O=C(/C=C/c1ccc(O)c(O)c1)O[C@H]1C(O)C[C@](O)(C(=O)O)C[C@H]1OC(=O)/C=C/c1ccc(O)c(O)c1,0
CHEMBL250977,Cc1ccc(-n2c(SCC(=O)NNC(=O)c3ccccc3O)nnc2-c2ccccc2)cc1,0
CHEMBL1173791,CC(C)C(C(=O)O)N1C(=O)/C(=C/c2cccc3ccccc23)SC1=S,0
CHEMBL468451,C=C(CC[C@@H](C)[C@H]1C[C@@H](OC)c2c3c(cc(C)c21)[C@@]1(C)C[C@@H](O)[C@H](O)C(C)(C)[C@@H]1CC3)C(C)C,0
CHEMBL243265,CN1CC[C@@H](O)C[C@H]1c1nc(C(=O)NCc2ccc(F)cc2)c(O)c(=O)n1C,1
CHEMBL2442284,O=C(O)C(=O)CC(=O)c1ccc2ccc3c(Cl)cccc3c2c1,0
CHEMBL3288282,N#Cc1ccc2c(C(=O)NCc3ccc(F)cc3)c(O)n(O)c(=O)c2c1,1
CHEMBL3309906,CCN(CC)C(=O)Cn1c(=O)c(C(=O)NC)c(O)c2ncc(Cc3ccc(F)cc3)cc21,1
CHEMBL243151,CN1CCN(S(=O)(=O)c2ccccc2)CC1c1nc(C(=O)NCc2ccc(F)cc2)c(O)c(=O)n1C,1
CHEMBL1668669,Cc1ccc(CC2C(=O)N(O)C(=O)c3ccccc32)cc1,0
CHEMBL240334,O=C1Nc2ccccc2/C1=N\NC(=O)c1ccc(O)cc1O,0
CHEMBL507259,O=C(O)/C=C/c1ccc(O)c(O)c1CC(=O)O,0
CHEMBL210962,O=C(CC(=O)C(=O)O)CC(=O)c1ccccn1,0
CHEMBL1270611,NCc1ccc(-c2ccc(Cc3cc(=O)n(O)c4ncccc34)cc2)cc1,0
CHEMBL560769,O=C1c2ccc(O)c(O)c2C(=O)N1Cc1c(F)c(F)c(F)c(F)c1F,0
CHEMBL368123,O=C1OC2C(O)COC2(O)C1(O)Cc1cc(O)c(O)c(Br)c1Br,0
CHEMBL1914564,O=C(NCc1ccc(F)cc1)c1c(O)c2ncc(Cc3ccc(F)cc3)cc2n(CC(=O)N2CCOCC2)c1=O,1
CHEMBL1682066,O=Cc1cc(Br)cc(C(=O)NCc2ccc(F)cc2)c1O,0
CHEMBL171896,CCCCCc1cc2cc(O)cc(Oc3c(O)cc(O)c(C(=O)O)c3CCCCC)c2c(=O)o1,0
CHEMBL456337,O=C1Cc2ccc(-c3ccc(O)cc3)cc2C(=O)N1O,0
CHEMBL2316135,O=C(NCCCN1CCCC1)c1c(O)c2ncc(Cc3ccc(F)cc3)cc2[nH]c1=O,1
CHEMBL2171872,COc1ccc2ccccc2c1Nc1c(OC)ccc2ccccc12,0
CHEMBL512638,CCCCCC[C@@H](C)C1=C(O)C(=O)[C@@H]2[C@H](O)[C@H](C)C[C@H](O)[C@H]2[C@]1(C)C(=O)/C=C\O,0
CHEMBL128670,CC1=NNC(=O)C1/N=N/c1ccc(S(=O)(=O)Nc2nccs2)cc1,0
CHEMBL558641,CC1(C)c2nc(C(=O)NCc3ccc(F)cc3)c(O)c(=O)n2CCN1CC(N)=O,1
CHEMBL339572,CC1N=NC(c2ccc(S(=O)(=O)NC3SC(=S)NC3=O)cc2)S1,0
CHEMBL235200,Cc1ccc(C2C(C(=O)c3ccc(Cl)cc3)=C(O)C(=O)N2CC(=O)O)cc1,0
CHEMBL232446,O=C(NCc1ccc(Cl)c(Cl)c1)c1nc(-c2cccs2)nc(O)c1O,1
CHEMBL3597476,COc1ccc2nc(/C=C3\SC(=S)N(C(C(=O)O)C(C)C)C3=O)ccc2c1,0
CHEMBL39883,Nc1ccc(/C=C/c2ccc3ccc(C(=O)O)c(O)c3n2)cc1,0
CHEMBL204751,CCOC(=O)C(=O)/C=C(\O)c1ccc2c(c1)c(=O)c(/C(O)=C/C(=O)C(=O)OCC)cn2Cc1ccc(F)cc1,0
CHEMBL361350,O=c1[nH]c2sccc2c(=O)n1O,0
CHEMBL191022,COc1cc(/C=C/S(=O)(=O)CS(=O)(=O)/C=C/c2ccccc2)cc(O)c1O,0
CHEMBL108672,Oc1ccc(-c2ccc3cc(O)c(O)cc3c2)cc1O,0
CHEMBL39143,O=C(O)c1ccc2ccc(/C=C/c3cccnc3)nc2c1O,0
CHEMBL2311882,COCCN1C(=O)/C(=C\NNC(=O)c2cc(Cl)ccc2O)C(=O)NC1=S,0
CHEMBL1928167,Cc1c(C(=O)/C=C(\O)c2cc(O)c(O)c(O)c2)nnn1Cc1ccc(F)cc1,0
CHEMBL563628,CC(=O)N1CCCC1c1nc(C(=O)NCc2ccc(F)cc2)c(O)c(=O)[nH]1,1
CHEMBL471330,Cc1cc(S(=O)(=O)Nc2nc3ccsc3c(=O)[nH]2)c(SCc2ccccc2)cc1Cl,0
CHEMBL1813511,CS(=O)(=O)Nc1cc(O)c(O)c(C(=O)NCc2ccc(F)cc2)c1,0
CHEMBL81935,O=c1c(C(c2ccc([N+](=O)[O-])cc2)c2c(O)oc3ccccc3c2=O)c(O)oc2ccccc12,0
CHEMBL2442195,CC(C)(C)c1nc(C(=O)[N-]Cc2ccc(F)cc2)c(O)c(=O)n1CCCNC(=O)C1CC1.[Na+],0
CHEMBL3259898,Cc1nc2ccccc2c(-c2ccc(Cl)cc2)c1[C@H](OC(C)(C)C)C(=O)O,1
CHEMBL111182,CC1=NN(C(=O)c2ccccc2O)C(=O)/C1=C/c1ccccc1O,0
CHEMBL496454,O=C(O)/C(O)=C/C(=O)c1cn(Cc2ccc(F)cc2)c2cc(N3CCCC3)ccc2c1=O,1
CHEMBL1682043,O=C(O)c1cc(F)cc(C(=O)/C=C/c2cc(Cl)cc(Cl)c2Cl)c1O,0
CHEMBL549415,O=C1c2ccc(O)c(O)c2C(=O)N1Cc1c(F)ccc(F)c1F,0
CHEMBL212921,COc1c2c(c(O)c3ncccc13)C(=O)N(Cc1ccc(F)cc1)C2=O,1
CHEMBL382489,O=C(c1ccccc1)c1cc(Br)ccc1NC(=O)c1nc[nH]c1C(=O)O,0
CHEMBL552202,CC1(C)c2nc(C(=O)NCc3ccc(F)cc3)c(O)c(=O)n2CCN1Cc1ccccn1,1
CHEMBL549546,O=C(O)c1cn(CCO)c2cc(F)c(Cc3cccc(Cl)c3Cl)cc2c1=O,1
CHEMBL1258617,CN1CCN(c2cc(N3CCOCC3)cn3c(=O)c(O)c(-c4ncc(Cc5ccc(F)cc5)[nH]4)nc23)S1(=O)=O,1
CHEMBL416207,O=C(/C=C/c1ccc(O)c(O)c1)NC(COC(=O)/C=C/c1ccc(O)c(O)c1)C(=O)O,0
CHEMBL2087233,CC[C@H](C)[C@@H]1NC(=O)[C@H]2CSC(=N2)[C@@H](Cc2ccccc2)NC(=O)[C@@H]2CCCN2C(=O)[C@@H]2CCCN2C(=O)[C@H](C(C)C)NC1=O,0
CHEMBL3087620,O=C(/C=C/c1cccn1Cc1ccc(F)c(F)c1)CC(=O)C(=O)O,0
CHEMBL538878,COc1c2c(c(O)c3c1C(=O)c1c(cc(O)c(C)c1O)C3=O)-c1c(cc(/C=N/NC(=O)c3ccccc3)c(C(=O)O)c1O)CC2,0
CHEMBL429327,CCOc1cc(/C=C2\C(=O)N(c3nnn[nH]3)N=C2C)cc(Cl)c1OCC,1
CHEMBL527049,CC[C@H](C)[C@H](NC(=O)[C@H](CC(C)C)NC(=O)[C@H](CCCNC(=N)N)NC(=O)[C@@H](NC(=O)[C@@H](NC(=O)[C@H](CCCCN)NC(=O)[C@H](CC(C)C)NC(=O)[C@H](CC(C)C)NC(=O)[C@H](CCC(=O)O)NC(=O)[C@H](CCC(=O)O)NC(=O)[C@H](CC(=O)O)NC(=O)[C@H](CO)NC(=O)[C@H](CC(=O)O)NC(=O)CNC(=O)[C@H](CO)NC(=O)[C@H](CCCNC(=N)N)NC(=O)CNC(=O)[C@H](C)NC(=O)[C@@H](N)CCSC)[C@@H](C)O)C(C)C)C(=O)N[C@@H](CCCCN)C(=O)N[C@@H](Cc1ccccc1)C(=O)N[C@@H](CC(C)C)C(=O)N[C@@H](Cc1ccc(O)cc1)C(=O)N[C@@H](CCC(N)=O)C(=O)N[C@@H](CO)C(=O)N[C@@H](CC(N)=O)C(=O)N1CCC[C@H]1C(=O)N1CCC[C@H]1C(=O)N1CCC[C@H]1C(=O)N[C@@H](CO)C(=O)O,0
CHEMBL375484,O=C(O)C(=O)CC(=O)c1ccc2c(ccc3ccccc32)c1,0
CHEMBL129812,CCCn1cnnc1NS(=O)(=O)c1cc(C(=O)Nc2ccc(C)cc2)c(Cl)cc1SCC(=O)O,0
CHEMBL468233,COc1cccc(C(=O)CC(=O)C(=O)NC2CCC(NC(=O)C(=O)CC(=O)c3cccc(OC)c3)CC2)c1,0
CHEMBL1682063,Cc1cc(C(=O)O)c(O)c(C(=O)/C=C/c2c(Cl)ccc(Cl)c2Cl)c1,0
CHEMBL3185210,CCCCCCCC[N+](C)(CCCCCCCC)CCCCCCCC.O=S(=O)([O-])C(F)(F)F,0
CHEMBL559284,O=C1c2ccc(O)c(O)c2C(=O)N1Cc1ccc(F)c(Cl)c1,0
CHEMBL432788,O=C(O)C(=O)/C=C(\O)c1ccnc2ccccc12,0
CHEMBL3360131,Cn1c(C2CCOCC2)nc(C(=O)NCc2ccc(F)cc2N2CCCCS2(=O)=O)c(O)c1=O,1
CHEMBL236409,CNC(=O)c1cn2c(c1O)C(=O)N(Cc1ccc(Cl)c(Cl)c1)CC2,1
CHEMBL550574,Cc1cc(CN2C(=O)c3ccc(O)c(O)c3C2=O)ccc1F,0
CHEMBL525803,CN1C(=O)[C@@H](c2cc(Cl)c(O)c(Cl)c2)NC(=O)[C@@H]2NC(=O)[C@@H](c3cc(Cl)c(O)c(Cl)c3)NC(=O)[C@H](NC(=O)C(=O)c3cc(Cl)c(O)c(Cl)c3)Cc3c[nH]c4c(cccc34)-c3cc2cc(c3O)Oc2ccc(cc2)C[C@H]1C(=O)N[C@@H](C(=O)O)c1ccc(O)cc1,0
CHEMBL3287922,Cc1ccc(-c2nc(C)c([C@H](OC(C)(C)C)C(=O)O)c(-c3ccc4c(c3C)CCCO4)c2C)cc1C,1
CHEMBL237292,O=C(O)CCC(=O)Nc1ccccc1-c1ccccc1NC(=O)CCC(=O)O,0
CHEMBL371917,CC(=O)c1cc(C(=O)CC(=O)Nc2ccc([N+](=O)[O-])cc2)sc1Nc1ccccc1,0
CHEMBL375956,O=C(O)C(=O)CC(=O)c1ccc2ccccc2c1,0
CHEMBL4227772,O=C(O)CC(O)/C=N/c1ccc(O)c(O)c1O,0
CHEMBL280299,[N-]=[N+]=Nc1cccc(C(=O)CC(=O)C(=O)O)c1,0
CHEMBL552065,CC1(C)NC(=O)Cn2c1nc(C(=O)NCc1ccc(F)cc1)c(O)c2=O,1
CHEMBL563552,O=C1c2ccc(O)c(O)c2C(=O)N1Cc1cc(F)c(F)cc1F,0
CHEMBL561566,CO/N=C/c1cc2c(c(O)c1C(=O)O)-c1c(O)c3c(c(OC)c1CC2)C(=O)c1c(cc(O)c(C)c1O)C3=O,0
CHEMBL3582066,O=C(O)/C(O)=C/C(=O)c1cn(Cc2ccc(Cl)cc2Cl)c2ccccc2c1=O,0
CHEMBL555734,CCOC(=O)Cn1ncc2cc3c(c(O)c2c1=O)-c1c(O)c2c(c(OC)c1CC3)C(=O)c1c(cc(O)c(C)c1O)C2=O,0
CHEMBL2442185,CCCC(=O)NCCCn1c(C(C)(C)C)nc(C(=O)NCc2ccc(F)cc2)c(O)c1=O,0
CHEMBL1773320,COCCN(C)Cc1cn(Cc2ccc(F)cc2)c2cnc3c(c12)CCN(O)C3=O,1
CHEMBL63592,O=C(/C=C/c1ccc(O)c(O)c1)OC(C(=O)O)C(OC(=O)/C=C/c1ccc(O)c(O)c1)C(=O)O,1
CHEMBL593913,CCCCCCCCCCCCCCCCCC[n+]1ccn(C)c1.[Cl-],0
CHEMBL2316134,O=C(NCCN1CCCCC1)c1c(O)c2ncc(Cc3ccc(F)cc3)cc2[nH]c1=O,1
CHEMBL525898,COc1cccc2c1c(C(=O)/C=C(\O)C(=O)O)cn2Cc1cccc(F)c1,1
CHEMBL3360129,Cn1c(C2CCOCC2)nc(C(=O)NCc2ccc(F)cc2S(C)(=O)=O)c(O)c1=O,1
CHEMBL3334640,O=C(NCc1cccc(Cl)c1)c1nc(-c2ccc(F)cc2)[nH]c(=O)c1O,0
CHEMBL2297148,O=C1NC(=S)SC1NS(=O)(=O)c1ccc(/N=N/c2ncccn2)cc1,0
CHEMBL396890,CNC(=O)c1cn2c(c1O)C(=O)N(Cc1ccc(F)cc1)CC2,1
CHEMBL444478,C[C@@H]1O[C@@H](O[C@@H]2[C@@H](O)[C@H](OCCc3ccc(O)c(O)c3)O[C@H](CO)[C@H]2OC(=O)/C=C/c2ccc(O)c(O)c2)[C@H](O)[C@H](O)[C@H]1O,0
CHEMBL2442279,O=C(O)C(=O)CC(=O)c1ccc2ccc3ccccc3c2c1F,0
CHEMBL564212,CN(C)C(=O)C(=O)N1CCn2c(nc(C(=O)NCc3ccc(F)cc3)c(O)c2=O)C1(C)C,1
CHEMBL380548,O=C(O)C(=O)/C=C(\O)c1cn(Cc2ccc(F)cc2)c(=O)n(Cc2ccc(F)cc2)c1=O,0
CHEMBL264109,CCOC(=O)C1=C(O)CCC2(C(=O)OC(C)(C)OC2=O)[C@H]1c1ccco1,0
CHEMBL526099,Cc1c(-c2ccc(C=C3C(=O)NC(=S)NC3=O)o2)cccc1[N+](=O)[O-],0
CHEMBL438244,CC[C@H](C)[C@H](NC(=O)CNC(=O)[C@H](C)NC(=O)[C@H](Cc1c[nH]c2ccccc12)NC(=O)CNC(=O)[C@H](CS)NC(=O)[C@H](C)N)C(=O)N[C@@H](CCCCN)C(=O)N[C@@H](CCC(N)=O)C(=O)N[C@@H](CCC(=O)O)C(=O)N[C@@H](Cc1ccccc1)C(N)=O,0
CHEMBL2398137,CC[C@H](C)[C@@H]1NC(=O)[C@H](CC(C)C)NC(=O)[C@@](C)(NC(=O)[C@H](Cc2ccccc2)NC(=O)[C@H](Cc2ccc(O)cc2)NC(=O)[C@H](C)NC(=O)[C@@H](N)[C@@H](C)O)CCC/C=C\CCC[C@@](C)(C(=O)NCC(=O)N[C@@H](CCCNC(=N)N)C(=O)N[C@@H](Cc2c[nH]c3ccccc23)C(=O)O)NC(=O)[C@H](CC(C)C)NC1=O,0
CHEMBL1682041,O=C(O)c1cc(F)cc(C(=O)/C=C/c2cccc(Cl)c2Cl)c1O,0
CHEMBL1223544,CC(=O)N1C[C@@H](F)C[C@H]1c1nc(C(=O)NCc2ccc(F)c(Cl)c2)c(O)c(=O)n1C,1
CHEMBL400246,O=C1c2c(ccc(O)c2O)CN1N(S(=O)(=O)c1ccc(F)cc1)S(=O)(=O)c1ccc(F)cc1,0
CHEMBL418300,COC1O[C@H](CO)[C@@H](O)[C@H](OC(=O)c2cc(O)c(O)c(O)c2)[C@H]1OC(=O)c1cc(O)c(O)c(O)c1,0
CHEMBL237728,N#Cc1c(O)c(O)c2n(c1=O)CCN(Cc1ccc(F)cc1)C2=O,1
CHEMBL2316114,C[C@H](CO)NC(=O)c1c(O)c2ncc(Cc3ccc(F)cc3)cc2[nH]c1=O,1
CHEMBL492188,COCCNC(=O)c1c(O)c2ncc(Cc3ccc(F)cc3)cc2[nH]c1=O,1
CHEMBL173395,COC(=O)c1c(C)cc(OC(=O)c2c(C)cc(O)c(C=O)c2O)c(C)c1O,0
CHEMBL377295,CCOC(=O)C1=C(O)/C(=C\c2ccc(CNC(=O)C(=O)Nc3ccccc3)o2)N=C1C,0
CHEMBL2180473,O=C(/C=C/c1ccccc1O)c1cccc(O)c1O,0
CHEMBL242137,CN1C[C@H](O)C[C@H]1c1nc(C(=O)NCc2ccc(F)cc2)c(O)c(=O)n1C,0
CHEMBL408075,Cn1c(C(C)(C)C)nc(C(=O)NCc2cccc3cc[nH]c23)c(O)c1=O,1
CHEMBL462081,O=C(c1ccc2ccccc2c1)C1NS(=O)(=O)c2ccc(Cl)cc2S1,0
CHEMBL460632,COc1c2c(c(O)c3ncc(Cc4ccc(F)cc4)cc13)C(=O)N(C)C2,0
CHEMBL8260,O=c1cc(-c2ccccc2)oc2cc(O)c(O)c(O)c12,0
CHEMBL1773318,CN(CCO)Cc1cn(Cc2ccc(F)cc2)c2cnc3c(c12)CCN(O)C3=O,1
CHEMBL510093,Cn1c(C(C)(C)NC(=O)C(=O)N2CCOCC2)nc(C(=O)NCc2ccc(F)cc2)c(O)c1=O,1
CHEMBL254853,COc1cccc(C(=O)NNC(=O)c2cc3ccccc3cc2O)c1O,0
CHEMBL4170599,O=C1Cc2cc(-c3ccccc3)ccc2C(=O)N1O,0
CHEMBL371473,CC(C)OC(=O)C(=O)/C=C(\O)c1cccn1Cc1ccc(F)cc1,0
CHEMBL407473,CC[C@H](C)[C@H](NC(=O)[C@H](CCCCN)NC(=O)[C@H](CC(C)C)NC(=O)[C@H](CO)NC(=O)[C@H](CC(N)=O)NC(=O)[C@@H](N)Cc1c[nH]c2ccccc12)C(=O)N[C@@H](CC(=O)O)C(=O)N[C@@H](CC(N)=O)C(=O)N[C@@H](CC(C)C)C(=O)N[C@@H](CC(=O)O)C(=O)N[C@H](C(=O)O)C(C)C,0
CHEMBL3582081,O=C(O)/C(O)=C/C(=O)c1cn(Cc2ccncc2)c2ccccc2c1=O,0
CHEMBL496143,CCOC(=O)/C(O)=C/C(=O)c1cn(Cc2cc(F)cc(F)c2)c2cccc(OC)c12,0
CHEMBL518520,Cc1nnc(C(=O)NC(C)(C)c2nc(C(=O)NCc3ccc(F)cc3)c([O-])c(=O)n2C)o1.[K+],1
CHEMBL31574,O=c1c(O)c(-c2ccc(O)c(O)c2)oc2cc(O)ccc12,0
CHEMBL523901,COc1cccc2c1c(C(=O)/C=C(\O)C(=O)O)cn2Cc1ccc(F)cc1F,1
CHEMBL252831,O=C1c2c(ccc(O)c2O)CN1CCc1ccccc1,0
CHEMBL403574,O=C(NNC(=O)c1cccc(O)c1O)c1ccccc1O,0
CHEMBL3597537,CCOc1cc(/C=C2\SC(=S)N(C(C(=O)O)C(C)C)C2=O)ccc1O,0
CHEMBL516661,Cc1cc(S(=O)(=O)Nc2nc3ccsc3c(=O)n2N)c(S)cc1Cl,0
CHEMBL402709,O=C1c2c(ccc(O)c2O)CN1N1C(=O)c2cc(O)c(O)cc2C1=O,0
CHEMBL193783,CCc1cc(/C=N/CC/N=C/c2cc(CC)sc2S)c(S)s1,0
CHEMBL4453169,Cc1ccc(-c2cccc(Nc3cc(=O)n(O)c(=O)[nH]3)c2)cc1,0
CHEMBL1773414,O=C1c2ncc3c(c(S(=O)(=O)N4CCCC4)cn3Cc3ccc(F)cc3)c2CCN1O,1
CHEMBL168284,COOC(=O)c1cc2ccc(O)c(O)c2cn1,0
CHEMBL176570,COc1cc(C(=O)O)c2c(c1C)OC(=O)c1c(C)cc(O)c(C=O)c1O2,0
CHEMBL1270701,COc1ccc(/C=C2\C(=O)N(c3cccc(F)c3)N=C2C(F)(F)F)cc1OCc1ccc(F)cc1,0
CHEMBL458229,Cc1cc2c(cc1Cl)SC(C(=O)c1cccc([N+](=O)[O-])c1)NS2(=O)=O,0
CHEMBL1917875,O=C(NCc1ccc(F)cc1)c1c(O)c2ncc(Cc3ccccc3)cc2[nH]c1=O,1
CHEMBL4229270,O=C(O)CC(O)/C=N/c1cc(Br)cc(Br)c1O,0
CHEMBL204656,COc1cc2c(cc1Cc1cccc(Cl)c1F)c(=O)c(C(=O)O)cn2[C@H](CO)C(C)C,1
CHEMBL3805756,CCCCCCCCCNC(=O)C1C(=O)N(O)C(=O)c2ccccc21,0
CHEMBL1223982,COc1cccc2c1C(=O)C(C1=C(C3=C(O)C(=O)c4cccc(OC)c4C3=O)C(=O)c3ccccc3C1=O)=C(O)C2=O,0
CHEMBL505145,O=C1OCC(c2ccc(O)cc2)=C1O,0
CHEMBL1914552,COc1cccc(CNC(=O)c2c(O)c3ncc(Cc4ccc(F)cc4)cc3[nH]c2=O)c1,1
CHEMBL235846,Cc1ccc(C(=O)C2=C(O)C(=O)N(c3nccs3)C2c2ccc(F)cc2)cc1,0
CHEMBL1668671,O=C1c2ccccc2C(CCc2ccccc2)C(=O)N1O,0
CHEMBL294714,Nc1ncnc2cc3c(cc12)ncn3C1COC(COP(=O)([O-])[O-])C1.[Na+].[Na+],0
CHEMBL558132,O=C(Nc1ccc(S(=O)(=O)Nc2ccc(F)c(F)c2F)cc1)c1cc(O)c(O)c(O)c1,0
CHEMBL492329,CCN(C(=O)c1ccccn1)c1cccn2c(=O)c(O)c(C(=O)NCc3ccc(F)cc3)nc12,1
CHEMBL513058,Cc1cc(S(=O)(=O)Nc2nc3cscc3c(=O)[nH]2)c(SCc2ccccc2)cc1Cl,0
CHEMBL551736,Cc1ccc(NS(=O)(=O)c2ccc(NC(=O)c3cc(O)c(O)c(O)c3)cc2)cc1C,0
CHEMBL2407275,CN(C(=O)C1C(=O)N(O)C(=O)c2ccccc21)c1ccccc1,0
CHEMBL197554,CCOC(=O)C(=O)/C=C(\O)c1cn(Cc2ccc(F)cc2)c2ccccc12,0
CHEMBL267212,CC(C)C[C@@H](NC(=O)[C@@H](C)NC(=O)CNC(=O)[C@@H](CCCN=C(N)N)NC(=O)[C@H](N)Cc1c[nH]c2ccccc12)C(=O)N[C@H](CCCCN)C(=O)N[C@H](CC(C)C)C(=O)N[C@H](CC(C)C)C(=O)N[C@H](Cc1ccccc1)C(=O)N[C@H](Cc1ccc(O)cc1)C(=O)N[C@H](C)C(=O)N[C@@H](C(=O)O)[C@H](C)O,0
CHEMBL426104,COc1ccc(CCNC(=O)CC(=O)N/N=C/c2ccco2)cc1OC,0
CHEMBL1682068,O=C(O)c1cc(Br)cc(C(=O)NCc2ccc(F)cc2)c1O,0
CHEMBL563525,C[C@@H](CO)n1cc(C(=O)O)c(=O)c2cc(Cc3cccc(Cl)c3F)ccc21,1
CHEMBL394683,O=C1Nc2ccccc2/C1=N/NC(=O)c1ccccc1O,0
CHEMBL259336,CC(C)(C)c1nc(O)c(O)c(C(=O)NCc2ccc(F)cc2S(C)(=O)=O)n1,1
CHEMBL126625,O=C1/C(=C/c2ccc(O)c(O)c2)Cc2ccccc21,0
CHEMBL388420,O=C(Nc1cncs1)c1nc(-c2cccs2)nc(O)c1O,0
CHEMBL367939,CC(=O)Nc1ccc(N)c2cc(S(=O)(=O)O)ccc12,0
CHEMBL89295,[N-]=[N+]=[N-].[Na+],0
CHEMBL223062,O=S(=O)(/C=C/c1ccc2[nH]ccc2c1)CS(=O)(=O)/C=C/c1ccc2[nH]ccc2c1,0
CHEMBL497489,CCn1cc(C(=O)O)c(=O)c2c1C(=O)C=C(Nc1cccc(Cl)c1F)C2=O,0
CHEMBL438262,O=C(/C=C(\O)c1c[nH]c2ccc(Cl)cc12)c1nc[nH]n1,0
CHEMBL456024,O=C(c1ccc(Cl)cc1)C1NS(=O)(=O)c2ccc(Cl)cc2S1,0
CHEMBL189892,COc1cc(/C=C/S(=O)(=O)CS(=O)(=O)/C=C/c2cc(OC)c(C(C)=O)c(C(C)=O)c2)cc(C(C)=O)c1C(C)=O,0
CHEMBL541701,COc1c2c(c(O)c3c1C(=O)c1c(cc(O)c(C)c1O)C3=O)-c1c(cc3c(c1O)C(=O)N1c4ccccc4SC31)CC2,0
CHEMBL2206771,Cc1c(O)c(O)c2c(c1S(=O)(=O)N(C)C)CN(Cc1ccc(F)c(Cl)c1)C2=O,0
CHEMBL3288955,CC(C)(C)Oc1cc(O)c2c(=O)c(-c3ccc(O)cc3)coc2c1,0
CHEMBL518478,Cc1cc(S(=O)(=O)Nc2nc3sc(C)c(C)c3c(=O)n2N)c(S)cc1Cl,0
CHEMBL414784,CC[C@H](C)[C@H](NC(=O)CNC(=O)[C@H](C)NC(=O)[C@H](Cc1c[nH]c2ccccc12)NC(=O)[C@H](Cc1c[nH]c2ccccc12)NC(=O)[C@H](CS)NC(=O)[C@H](C)N)C(=O)N[C@@H](C)C(=O)N[C@@H](CCC(N)=O)C(=O)N[C@@H](CCC(=O)O)C(=O)N[C@@H](Cc1ccccc1)C(=O)O,0
CHEMBL216683,CN1CCOCC1c1nc(O)c(O)c(C(=O)NCc2ccc(F)cc2)n1,1
CHEMBL2315829,Cn1c(=O)c(C(=O)NCCN2CCOCC2)c(O)c2ncc(Cc3ccc(F)cc3)cc21,1
CHEMBL4469948,Cc1ccc(-c2c(C(OC(C)(C)C)C(=O)O)c(C)nc3ccnn23)cc1,0
CHEMBL522802,CNC(=O)c1c(O)c2ncc(Cc3ccc(F)cc3)cc2n(C)c1=O,1
CHEMBL173854,O=C(NCO)NCOCn1c(=O)n(CO)c(=O)n(CO)c1=O,0
CHEMBL3087328,O=C(/C=C/c1cccn1Cc1cc(F)cc(F)c1)CC(=O)C(=O)O,0
CHEMBL458652,O=C(C1=NS(=O)(=O)c2ccc(Cl)cc2S1)c1ccc(Cl)c(Cl)c1,0
CHEMBL198591,COc1ccc2oc(=O)c(-c3csc(N/N=C/c4ccccc4O)n3)cc2c1,0
CHEMBL251172,Cn1c(SCC(=O)NNC(=O)c2ccccc2O)nnc1-c1ccccc1,0
CHEMBL497688,O=C(O)/C(O)=C/C(=O)c1cn(Cc2ccc(F)cc2)c2cc(Cl)ccc2c1=O,1
CHEMBL131733,O=C(/C=C/c1cc(O)c(O)c(O)c1)OCCc1ccccc1,0
CHEMBL133492,O=C(/C=C/c1ccc(O)c(O)c1)OCCc1ccc2ccccc2c1,0
CHEMBL3087634,CCOC(=O)C(=O)CC(=O)/C=C/c1cccn1Cc1cccc(Cl)c1,0
CHEMBL440629,CC[C@H](C)[C@H](N)C(=O)N[C@@H](CC(C)C)C(=O)N1CCC[C@H]1C(=O)N[C@@H](Cc1c[nH]c2ccccc12)C(=O)N[C@@H](CCCCN)C(=O)N[C@@H](Cc1c[nH]c2ccccc12)C(=O)N1CCC[C@H]1C(=O)N[C@@H](Cc1c[nH]c2ccccc12)C(=O)N[C@@H](Cc1c[nH]c2ccccc12)C(=O)N1CCC[C@H]1C(=O)N[C@@H](Cc1c[nH]c2ccccc12)C(=O)N1CCC[C@H]1C(=O)N1CCC[C@H]1C(=O)NCCCCC(NC(=O)[C@@H]1CCCN1C(=O)[C@@H]1CCCN1C(=O)[C@H](Cc1c[nH]c2ccccc12)NC(=O)[C@@H]1CCCN1C(=O)[C@H](Cc1c[nH]c2ccccc12)NC(=O)[C@H](Cc1c[nH]c2ccccc12)NC(=O)[C@@H]1CCCN1C(=O)[C@H](Cc1c[nH]c2ccccc12)NC(=O)[C@H](CCCCN)NC(=O)[C@H](Cc1c[nH]c2ccccc12)NC(=O)[C@@H]1CCCN1C(=O)[C@H](CC(C)C)NC(=O)[C@@H](N)[C@@H](C)CC)C(N)=O,0
CHEMBL314013,O=c1c(C(c2ccc(/C=C/c3ccccc3)cc2)c2c(O)oc3cc(O)ccc3c2=O)c(O)oc2cc(O)ccc12,0
CHEMBL1213726,COc1cccc2c1c(C(=O)/C=C(\O)C(=O)O)cn2Cc1ccc(F)cc1Cl,1
CHEMBL3288819,CN(C)c1c(C(=O)NCc2ccc(F)cc2F)c(=O)n(O)c2ncccc12,1
CHEMBL3125972,O=C(NCc1ccc(F)cc1F)c1c(O)c2cccnc2n(O)c1=O,1
CHEMBL340697,Cc1cc(S(=O)(=O)Nc2nnc3c4c(C)csc4ncn23)c(S)cc1Cl,0
CHEMBL1092356,N=C(N)NCCCCNP(=O)(OC[C@H]1O[C@@H](n2ccc(N)nc2=O)C[C@@H]1O)OC[C@H]1O[C@@H](n2cnc3c(N)ncnc32)C[C@@H]1O,0
CHEMBL195502,COC(=O)c1sccc1NC(=O)c1ccc(C(=O)Nc2ccsc2C(=O)OC)cc1,0
CHEMBL196391,COc1ccc2c(c1)c(/C(O)=C/C(=O)C(=O)O)cn2Cc1ccc(F)cc1,1
CHEMBL3310083,CNC(=O)c1c(O)c2ncc(Cc3ccc(F)cc3)cc2n(CC(=O)NCCN(C)C)c1=O,1
CHEMBL2370473,CC[C@H](C)[C@H](NC(=O)[C@H](Cc1ccccc1)NC(=O)[C@@H](NC(=O)[C@H](C)NC(=O)[C@H](CCSC)NC(=O)[C@H](CCC(N)=O)NC(=O)[C@@H](NC(=O)[C@H](C)NC(=O)[C@@H](NC(=O)[C@H](CCCCN)NC(=O)[C@H](CC(C)C)NC(=O)[C@@H](N)Cc1c[nH]cn1)[C@@H](C)O)C(C)C)C(C)C)C(=O)N[C@@H](Cc1c[nH]cn1)C(=O)N[C@@H](CC(N)=O)C(=O)N[C@@H](Cc1ccccc1)C(=O)N[C@@H](CCCCN)C(=O)N[C@@H](CCCN=C(N)N)C(N)=O,0
CHEMBL492350,CCN(C(=O)C(=O)N1CCCC1)c1cccn2c(=O)c(O)c(C(=O)NCc3ccc(F)cc3)nc12,1
CHEMBL3334634,O=C(NCc1ccc(Cl)cc1)c1nc(-c2ccc(F)cc2)[nH]c(=O)c1O,0
CHEMBL420026,O=C(/C=C(\O)c1ccccc1)c1ccc2ccc(C(=O)O)c(O)c2n1,0
CHEMBL244904,CN1CCSCC1c1nc(C(=O)NCc2ccc(F)cc2)c(O)c(=O)n1C,1
CHEMBL3288821,O=C(NCc1ccc(F)cc1F)c1c(NC2CCCCCC2)c2cccnc2n(O)c1=O,0
CHEMBL3415836,CCOC(=O)/C(O)=C/C(=O)/C=C/c1cc(C(=O)c2ccc(F)cc2)cn1-c1ccccc1,0
CHEMBL1214534,CCOC(=O)/C(O)=C/C(=O)c1cn(Cc2c(F)cccc2Cl)c2cccc(OC)c12,0
CHEMBL130882,Cc1cc(S(=O)(=O)Nc2nc(N)n(-c3ccccc3)n2)c(S)cc1Cl,0
CHEMBL373133,CC(=O)c1ccc(/C=C/S(=O)(=O)CS(=O)(=O)/C=C/c2ccc(C(C)=O)c(C(C)=O)c2)cc1C(C)=O,0
CHEMBL560387,C=C(CCc1ccc(C)cc1)C1=C(C)C(=C)C2CCC(CC#N)C(C)(C)C2=C1,1
CHEMBL2398134,C=CCCCC[C@](C)(NC(=O)[C@H](CC(C)C)NC(=O)[C@H](CCCCN)NC(=O)[C@H](CC(C)C)NC(=O)[C@](C)(CCCCC=C)NC(=O)[C@H](Cc1ccccc1)NC(=O)[C@H](Cc1ccc(O)cc1)NC(=O)[C@H](C)NC(=O)[C@@H](N)[C@@H](C)O)C(=O)NCC(=O)N[C@@H](CCCNC(=N)N)C(=O)N[C@@H](Cc1c[nH]c2ccccc12)C(=O)O,0
CHEMBL208722,COC(=O)C(=O)/C=C(\O)c1cccn1Cc1ccc(F)cc1,0
CHEMBL3415833,CCOC(=O)/C(O)=C/C(=O)c1ccn(Cc2ccc(F)cc2)c1,0
CHEMBL3582061,O=C(O)/C(O)=C/C(=O)c1cn(Cc2ccc([N+](=O)[O-])cc2)c2ccccc2c1=O,0
CHEMBL2180601,Cc1ccc(S(=O)(=O)Oc2c(C(=O)NCc3ccc(F)cc3)nc(Br)c3cccnc23)cc1,0
CHEMBL3582045,CCOC(=O)/C(O)=C/C(=O)c1cn(Cc2cc(F)ccc2F)c2ccccc2c1=O,0
CHEMBL349440,COc1cc(O)c2c(OC)c3c(cc2c1-c1c(O)cc(OC)c2c(OC)c4c(cc12)OC(C)C(C)C4=O)OC(C)C(C)C3=O,0
CHEMBL173281,O=C1Oc2ccccc2C(O)C1C(c1ccccc1)C1C(=O)Oc2ccccc2C1O,0
CHEMBL3087791,CCOC(=O)C(=O)CC(=O)/C=C/c1cccn1Cc1ccccc1C,0
CHEMBL442011,COc1ccc2c(c1)C(=O)N1C[S+]([O-])CC1C(=O)S2,0
CHEMBL3415846,N/C(=C\C(=O)c1cn(Cc2ccc(F)cc2)cc1-c1ccccc1)C(=O)O,1
CHEMBL377971,CC(C)C[C@H](NC(=O)[C@H](CCCCN)NC(=O)[C@H](CC(C)C)NC(=O)[C@H](CC(C)C)NC(=O)[C@H](Cc1ccccc1)NC(=O)[C@@H](N)Cc1ccc(O)cc1)C(N)=O,0
CHEMBL209440,COc1c2c(c(O)c3ncccc13)C(=O)N(Cc1ccc(F)cc1)C2,1
CHEMBL394197,Cc1n[nH]c(O)c1C(c1ccc(-c2ccc(Cl)c(C(=O)O)c2)o1)c1c(C)n[nH]c1O,0
CHEMBL171315,CC1OC(O)C(O)C(O)C1Oc1c(-c2ccc(O)c(O)c2)oc2cc(O)cc(O)c2c1=O,0
CHEMBL1682040,O=C(O)c1cc(F)cc(C(=O)/C=C/c2ccc(Cl)cc2Cl)c1O,0
CHEMBL202815,COCCCNS(=O)(=O)c1ccc(Oc2cc(O)c3c(c2O)C(=O)c2ccccc2C3=O)cc1,0
CHEMBL2442183,CC(=O)NCCCn1c(C(C)(C)C)nc(C(=O)NCc2ccc(F)cc2)c(O)c1=O,0
CHEMBL4169856,COC(=O)c1c(Nc2ccc(-c3ccc(C#N)cc3)cc2)c2nccnc2n(O)c1=O,0
CHEMBL475819,O=C(/C=C/c1ccc(F)cc1)Nc1cccc(C(=O)/C=C(\O)C(=O)O)c1,0
CHEMBL260619,CCOC(=O)/C(O)=C/C(=O)c1cn(Cc2ccc(F)cc2)c2cc(OC)ccc12,0
CHEMBL3741857,COc1ccc(C2=Cc3ccc(F)cc3C(CC(=O)C(C)O)N2c2ccc(O)cc2)cc1,0
CHEMBL2370433,NCCCC[C@H](NC(=O)[C@H](CSCSC[C@H](NC(=O)[C@@H](N)Cc1c[nH]cn1)C(=O)N[C@@H](CCCCN)C(=O)N[C@@H](Cc1ccccc1)C(=O)N[C@@H](Cc1c[nH]c2ccccc12)C(=O)N[C@@H](Cc1c[nH]c2ccccc12)C(N)=O)NC(=O)[C@@H](N)Cc1c[nH]cn1)C(=O)N[C@@H](Cc1ccccc1)C(=O)N[C@@H](Cc1c[nH]c2ccccc12)C(=O)N[C@@H](Cc1c[nH]c2ccccc12)C(N)=O,0
CHEMBL1669244,CCOC(=O)/C(O)=C/C(=O)c1cn(Cc2ccc(F)cc2)c2c(OC)cc(OC)cc12,0
CHEMBL234923,O=C(N[C@@H]1CCc2ccccc21)c1nc(-c2cccs2)nc(O)c1O,1
CHEMBL3288956,O=c1c(-c2ccc(O)cc2)coc2cc(N3CCOCC3)cc(O)c12,0
CHEMBL437619,CC[C@H](C)[C@H](NC(=O)[C@H](CCCCN)NC(=O)[C@H](CCCCN)NC(=O)[C@@H](N)Cc1c[nH]c2ccccc12)C(=O)N[C@@H](CCCNC(=N)N)C(=O)N[C@@H](CCCNC(=N)N)C(=O)N[C@@H](Cc1ccccc1)C(=O)N[C@H](C(=O)N[C@@H](CO)C(=O)N[C@@H](CCC(N)=O)C(=O)N[C@H](C(=O)N[C@H](C(=O)N[C@@H](CCSC)C(=O)O)[C@@H](C)CC)C(C)C)C(C)C,0
CHEMBL497029,O=C1NC(=S)NC(=O)C1=Cc1ccc(-c2cc(C(=O)O)cc(O)c2O)o1,0
CHEMBL550086,O=C1c2c(ccc(O)c2O)CN1Cc1cc(F)c(F)cc1F,0
CHEMBL368509,C[C@H](c1ccccc1)N1C(=O)c2c(c(O)c3nccnc3c2O)C1=O,0
CHEMBL61800,O=[N+]([O-])c1cccc2ccc(/C=C/c3ccc(O)c(O)c3)nc12,0
CHEMBL2370429,NCCCC[C@H](NC(=O)[C@@H](CCSC[C@H](NC(=O)[C@@H](N)Cc1c[nH]cn1)C(=O)N[C@@H](CCCCN)C(=O)N[C@@H](Cc1ccccc1)C(=O)N[C@@H](Cc1c[nH]c2ccccc12)C(=O)N[C@@H](Cc1c[nH]c2ccccc12)C(N)=O)NC(=O)[C@@H](N)Cc1c[nH]cn1)C(=O)N[C@@H](Cc1ccccc1)C(=O)N[C@@H](Cc1c[nH]c2ccccc12)C(=O)N[C@@H](Cc1c[nH]c2ccccc12)C(N)=O,0
CHEMBL2180593,O=C(NCc1ccc(F)cc1)c1nc(Br)c2cccnc2c1NCCO,0
CHEMBL105350,O=C(/C=C/c1ccc(O)cc1)CC(=O)/C=C/c1ccc(O)cc1,0
CHEMBL379664,O=C(O)c1cn(CCO)c2ccc(Cc3cccc(Cl)c3F)cc2c1=O,1
CHEMBL3360110,Cn1c(C2=CCOC2)nc(C(=O)NCc2ccc(F)cc2)c(O)c1=O,1
CHEMBL1682061,O=C(O)c1cc(Br)cc(C(=O)/C=C/c2cccc(F)c2)c1O,0
CHEMBL2316139,CN1CCN(CCCNC(=O)c2c(O)c3ncc(Cc4ccc(F)cc4)cc3[nH]c2=O)CC1,1
CHEMBL240331,O=C(CSc1nc(O)c2ccccc2n1)c1ccc(O)c(O)c1,0
CHEMBL4642650,CCCCn1cncc1-c1ccc(C(C)(C)C)cc1,0
CHEMBL1813505,CNS(=O)(=O)c1cc(O)c(O)c(C(=O)NCc2ccc(F)cc2)c1,0
CHEMBL457106,O=C(c1ccc(Cl)c(Cl)c1)C1NS(=O)(=O)c2ccc(Cl)cc2S1,0
CHEMBL3742287,COc1ccc(C2=Cc3ccc(F)cc3C(CC(=O)C(C)O)N2c2ccc([N+](=O)[O-])cc2)cc1,0
CHEMBL3222018,C[N+](C)(C)C.FC(F)(F)C(F)(F)[P-](F)(F)(F)(C(F)(F)C(F)(F)F)C(F)(F)C(F)(F)F,0
CHEMBL2403118,C[C@@H]1CCN2C(=O)c3c(O)c(=O)c(C(=O)NCc4ccc(F)cc4)cn3C[C@@H]2O1,1
CHEMBL186914,COC(=O)C(=O)CC(=O)c1cc2cc3c(cc2n1Cc1ccccc1)OCO3,0
CHEMBL1270805,COc1ccc(/C=C2\C(=O)N(c3cccc(Cl)c3)N=C2C(F)(F)F)cc1OCc1ccc(F)cc1,0
CHEMBL36586,O=C(O)c1ccc2ccc(/C=C/c3ccc(O)cc3O)nc2c1O,0
CHEMBL183062,O=c1[nH]c2cc(-c3ccccc3)sc2c(=O)n1O,0
CHEMBL3288960,O=c1c(O)c(-c2ccc(OCc3ccc(F)cc3)c(O)c2)oc2cc(O)cc(O)c12,0
CHEMBL319488,O=C(/C=C/c1ccc(O)c(O)c1)CC(=O)/C=C/c1ccc(O)c(O)c1,0
CHEMBL2442187,CC(C)(C)c1nc(C(=O)NCc2ccc(F)cc2)c(O)c(=O)n1CCCNS(=O)(=O)C1CC1,0
CHEMBL1682027,O=C(O)c1cc(Br)cc(C(=O)/C=C/c2cc(Cl)ccc2Cl)c1O,0
CHEMBL2311873,O=C(N/N=C/c1cc(Br)ccc1O)C1=NNC2CCCCC12,0
CHEMBL437477,CC[C@H](C)[C@H](N)C(=O)N[C@@H](CC(C)C)C(=O)N1CCC[C@H]1C(=O)N[C@@H](Cc1c[nH]c2ccccc12)C(=O)NCC(=O)N[C@@H](Cc1c[nH]c2ccccc12)C(=O)N1CCC[C@H]1C(=O)N[C@@H](Cc1c[nH]c2ccccc12)C(=O)N[C@@H](Cc1c[nH]c2ccccc12)C(=O)N1CCC[C@H]1C(=O)N[C@@H](Cc1c[nH]c2ccccc12)C(=O)N[C@@H](CCCN=C(N)N)C(=O)N[C@@H](CCCN=C(N)N)C(N)=O,0
CHEMBL554284,Cc1nnc(CN2CCn3c(nc(C(=O)NCc4ccc(F)cc4)c(O)c3=O)C2(C)C)o1,1
CHEMBL175404,O=C1c2c(c(O)c3nccnc3c2O)C(=O)N1Cc1cccc2ccccc12,0
CHEMBL1770430,O=C(O)/C=C/c1ccc2c(c1)c(=O)c(C(=O)/C=C(\O)C(=O)O)cn2Cc1ccc(F)cc1,1
CHEMBL3288267,O=C(NCCc1ccc(F)cc1)c1c(O)n(O)c(=O)c2cc([N+](=O)[O-])ccc12,1
CHEMBL3360125,Cn1c(C2CCOC2)nc(C(=O)NCc2ccc(F)cc2N2CCN(C(C)(C)C)S2(=O)=O)c(O)c1=O,1
CHEMBL187821,Cn1cc(/C(O)=C/C(=O)C(=O)O)c2ccccc21,0
CHEMBL1682056,O=C(O)c1cc(Br)cc(C(=O)/C=C/c2ccccc2-c2ccco2)c1O,0
CHEMBL1685081,O=C(O)c1cc(Br)cc(C(=O)/C=C/c2ccc(I)cc2)c1O,0
CHEMBL553067,Cc1cccc2c1C(O)=C1C(=O)C3C(O)=C(C(=O)NCNC(CO)(CO)CO)C(=O)[C@@H](N(C)C)[C@@H]3C[C@@H]1C2(C)O.Cl,0
CHEMBL206604,CC(C)[C@@H](CO)n1cc(C(=O)O)c(=O)c2cc(Cc3cccc(Cl)c3F)ccc21,1
CHEMBL244963,CN1CCCC1c1nc(C(=O)NCc2ccc(F)cc2)c(O)c(=O)n1C,0
CHEMBL1224122,O=C(NCCCN1CCN(C(=O)/C=C/c2ccccc2Cl)CC1)c1cc(O)c(O)c(O)c1,0
CHEMBL1682037,O=C(O)c1cc(Cl)cc(C(=O)/C=C/c2c(Cl)ccc(Cl)c2Cl)c1O,0
CHEMBL206981,O=C(O)C(=O)/C=C(/O)c1nc2c(=O)n(Cc3ccccc3)cnc2n1Cc1ccccc1,0
CHEMBL237537,Cc1ccc(C(=O)C2=C(O)C(=O)N(CCCn3ccnc3)C2c2ccc(Cl)cc2)cc1,0
CHEMBL507121,CN1C(=O)[C@@H](c2cc(Cl)c(O)c(Cl)c2)NC(=O)[C@@H]2NC(=O)[C@@H](c3cc(Cl)c(O)c(Cl)c3)NC(=O)[C@H](NC(=O)C(=O)c3cc(Cl)c(O)c(Cl)c3)Cc3c[nH]c4c(cccc34)-c3cc2cc(c3O)Oc2ccc(cc2)C[C@H]1C(=O)O,0
CHEMBL4225194,O=C(O)CC(O)/C=N/c1ccc(O)c(O)c1,0
CHEMBL490971,Oc1c(-c2nnc(Cc3cccc(Cl)c3)[nH]2)ncc2cccnc12,0
CHEMBL422992,O=C(O)C(c1ccc(O)c(O)c1)C(C(=O)O)c1ccc(O)c(O)c1,0
CHEMBL480531,O=C(NCc1ccc(F)cc1)C1=C(O)C(=O)N(Cc2ccccn2)C1,1
CHEMBL559395,CC1(C)c2nc(C(=O)NCc3ccc(F)cc3)c(O)c(=O)n2CCN1Cc1cocn1,1
CHEMBL246774,CNC(=O)c1cc(F)ccc1CNC(=O)c1ncc2cccnc2c1O,1
CHEMBL1257223,O=C(NCc1ccc(F)cc1)c1nc2sc(N3CCOCC3)cn2c(=O)c1O,0
CHEMBL2398135,CC(C)C[C@@H]1NC(=O)[C@H](CCCCN)NC(=O)[C@H](CC(C)C)NC(=O)[C@@](C)(NC(=O)[C@H](Cc2ccccc2)NC(=O)[C@H](Cc2ccc(O)cc2)NC(=O)[C@H](C)NC(=O)[C@@H](N)[C@@H](C)O)CCCC/C=C/CCCC[C@@](C)(C(=O)NCC(=O)N[C@@H](CCCNC(=N)N)C(=O)N[C@@H](Cc2c[nH]c3ccccc23)C(=O)O)NC1=O,0
CHEMBL394650,O=C(COc1ccc2ccccc2c1)NNC(=O)c1ccccc1O,0
CHEMBL3288829,COC(=O)CNc1c(C(=O)NCc2ccc(F)cc2F)c(=O)n(O)c2ncccc12,1
CHEMBL1785027,Cc1cc(/C=C/c2ccc3ccc(C(=O)O)c(O)c3n2)ccc1O,0
CHEMBL211634,O=C1c2c(cc3cccnc3c2O)CN1Cc1ccc(F)cc1,1
CHEMBL103410,COc1cc(/C=C/C(=O)CC(=O)/C=C/c2ccc(O)c(O)c2)ccc1O,0
CHEMBL367945,O=C1c2c(c(O)c3nccnc3c2O)C(=O)N1Cc1ccc(-c2ccccc2)cc1,0
CHEMBL3334636,O=C(NCc1ccc(F)c(F)c1)c1nc(-c2ccc(F)cc2)[nH]c(=O)c1O,0
CHEMBL79938,COc1cc(C(C2=C(O)C(=O)c3ccccc3C2=O)C2=C(O)C(=O)c3ccccc3C2=O)cc(Br)c1O,0
CHEMBL129287,Cc1cc2c(cc1Cl)SC(C1C(=O)NC(=S)NC1=O)NS2(=O)=O,0
CHEMBL128748,COc1ccc(/C=C/C(=O)/C=C(O)/C=C/c2ccc(OC)c(OC)c2)cc1OC,0
CHEMBL394610,CN1CCOCC1c1nc(C(=O)NCc2ccc(F)c(Cl)c2)c(O)c(=O)n1C,1
CHEMBL3288837,Nc1c(C(=O)NCc2ccc(F)cc2F)c(=O)n(O)c2ncccc12,1
CHEMBL557899,O=C1c2c(ccc(O)c2O)CN1Cc1ccc(Cl)c(Cl)c1,0
CHEMBL326800,Cc1ccc2c(c1)C(=O)N1CSCC1C(=O)S2,0
CHEMBL241598,O=C(NNC(=O)c1c(O)c2ccccc2[nH]c1=O)c1ccccc1,0
CHEMBL4472002,Cn1c(Oc2cccc(-c3cccc(O)c3)c2)cc(=O)n(O)c1=O,0
CHEMBL200669,O=C(O)C(Cc1c[nH]c2ccccc12)NS(=O)(=O)c1ccccc1[N+](=O)[O-],0
CHEMBL4128240,CS(=O)(=O)c1cc(F)ccc1CNC(=O)c1nc2n(c(=O)c1O)CCCC21CCCC1,1
CHEMBL191020,O=S(=O)(/C=C/c1ccc(O)c(O)c1)CS(=O)(=O)/C=C/c1ccc(O)c(O)c1,0
CHEMBL423698,COc1ccc(/C=C/C(=O)/C=C/c2ccc(OC)c(OC)c2)cc1OC,0
CHEMBL388725,O=S(=O)(CCc1ccc(O)c(O)c1)CS(=O)(=O)CCc1ccc(O)c(O)c1,0
CHEMBL3397847,COc1c(C(=O)N2CCN(CCCNC(=O)c3cc(O)c(O)c(O)c3)CC2)nc(Cc2ccc(C)cc2)n(C)c1=O,0
CHEMBL550838,O=C1c2c(ccc(O)c2O)CN1Cc1cc(Cl)ccc1F,0
CHEMBL3233907,COc1ccc2c(c1)c(C(=O)/C=C(\O)C(=O)O)cn2Cc1cc(C)cc(C)c1,0
CHEMBL3125976,O=C(NCc1ccc(F)c(Cl)c1)c1cc2cccc(O)c2n(O)c1=O,0
CHEMBL513666,O=C(CC(=O)c1ccccc1Cl)C(=O)NC1CCC(NC(=O)C(=O)CC(=O)c2ccccc2Cl)CC1,0
CHEMBL241597,O=C(NNC(=O)c1c(O)c2ccccc2[nH]c1=O)c1cccc([N+](=O)[O-])c1,0
CHEMBL2236598,CCOC(=O)/C(O)=C/C(=O)c1cn(Cc2cccc(F)c2)c2ccccc2c1=O,0
CHEMBL217566,O=C(NCc1ccc(F)cc1)c1ncnc(O)c1O,1
CHEMBL1270317,O=c1cc(-c2cccc(-c3ccccc3)c2)c2cccnc2n1O,0
CHEMBL390433,O=C(N[C@H]1CCc2ccccc21)c1nc(-c2cccs2)nc(O)c1O,1
CHEMBL131749,O=C(/C=C/c1cc(O)c(O)cc1O)OCCc1ccccc1,0
CHEMBL549549,COc1cc2c(cc1Cc1cccc(Cl)c1Cl)c(=O)c(C(=O)O)cn2CCO,1
CHEMBL4127923,CC1(C)OCCn2c1nc(C(=O)NCc1ccc(F)cc1N1CCOCC1)c(O)c2=O,1
CHEMBL3259891,COC(C(=O)O)c1c(C)nc2ccc(Br)cc2c1-c1ccc(Cl)cc1,1
CHEMBL353450,O=c1c(OC2COC(O)C(O)C2O)c(-c2ccc(O)c(O)c2)oc2cc(O)cc(O)c12,0
CHEMBL2180586,CS(=O)(=O)NCCCCCCN(c1nc(C(=O)NCc2ccc(F)cc2)c(O)c2ncccc12)S(C)(=O)=O,0
CHEMBL427057,CC(C)C[C@H](NC(=O)[C@H](CCCCN)NC(=O)[C@H](CC(C)C)NC(=O)[C@H](CC(C)C)NC(=O)[C@H](Cc1ccccc1)NC(=O)[C@H](CO)NC(=O)[C@H](C)NC(=O)[C@@H](N)[C@@H](C)O)C(=O)N[C@@H](C)C(=O)NCC(=O)N[C@@H](CCCN=C(N)N)C(=O)N[C@@H](Cc1c[nH]c2ccccc12)C(N)=O,0
CHEMBL1914555,CC(NC(=O)c1c(O)c2ncc(Cc3ccccc3)cc2[nH]c1=O)c1ccccc1,1
CHEMBL1223984,COc1cc2c(cc1OC)C(=O)C(C1=C(C3=C(O)C(=O)c4cc(OC)c(OC)cc4C3=O)C(=O)c3ccccc3C1=O)=C(O)C2=O,0
CHEMBL246950,COc1ccc([C@H]2CC(=O)CCC23C(=O)OC(C)(C)OC3=O)cc1,0
CHEMBL252551,COc1cccc(C(=O)NNC(=O)c2cccc(O)c2O)c1O,0
CHEMBL36070,O=C(c1cccc(Cc2ccccc2)c1)c1ncc2cccnc2c1O,1
CHEMBL391423,COc1ccc(NC(=O)c2cccc(S(=O)(=O)Nc3ccc(C(=O)O)cc3)c2)cc1,0
CHEMBL1813512,CC(=O)Nc1cc(O)c(O)c(C(=O)NCc2ccc(F)cc2)c1,0
CHEMBL3415853,O=C(O)/C(O)=C/C(=O)c1cc(-c2ccccc2)cn1Cc1ccc(F)cc1,1
CHEMBL391867,N#C/C(=C\c1ccc(-c2ccc(C(=O)O)c(O)c2)o1)c1nc2ccccc2[nH]1,0
CHEMBL3287916,Cc1cc(-c2nc(C)c([C@H](OC(C)(C)C)C(=O)O)c(-c3ccc4c(c3)CCCO4)c2C)ccc1Cl,1
CHEMBL453267,Cc1cc(Cl)cc2c1S(=O)(=O)NC(C(=O)c1ccc(Cl)cc1)S2,0
CHEMBL97679,Oc1ccc(/C=C/c2ccc3ccccc3n2)cc1O,0
CHEMBL1673089,O=C(O)/C(O)=C/C(=O)c1cn(Cc2ccccc2)c2ccccc12,0
CHEMBL241359,COc1ccc(Nc2nc(NCc3ccco3)nc(N/N=C/c3ccc(Br)cc3)n2)cc1,0
CHEMBL2251917,CC[C@H](C)[C@H](NC(C)=O)C(=O)N[C@@H](CC(C)C)C(=O)N1CCC[C@H]1C(=O)N[C@@H](Cc1c[nH]c2ccccc12)C(=O)N[C@@H](CCCCN)C(=O)N[C@@H](Cc1c[nH]c2ccccc12)C(=O)N1CCC[C@H]1C(=O)N[C@@H](Cc1c[nH]c2ccccc12)C(=O)N[C@@H](Cc1c[nH]c2ccccc12)C(=O)N1CCC[C@H]1C(=O)N[C@@H](Cc1c[nH]c2ccccc12)C(=O)N[C@@H](CCCNC(=N)N)C(=O)N[C@@H](CCCNC(=N)N)C(N)=O,0
CHEMBL462045,Cn1c(C(C)(C)NC(=O)c2c[nH]cn2)nc(C(=O)NCc2ccc(F)cc2)c(O)c1=O,1
CHEMBL2079773,O=S1(=O)CCCCN1c1nc(/C([O-])=N/Cc2ccc(F)cc2)c([O-])c2ncccc12.[Mg+2],1
CHEMBL243377,Cn1c(C2COCCN2C(=O)OC(C)(C)C)nc(C(=O)NCc2ccc(F)cc2)c(O)c1=O,1
CHEMBL1813504,O=C(NCc1ccc(F)cc1)c1cc(S(=O)(=O)N2CCCCC2)cc(O)c1O,0
CHEMBL452658,C[C@H](CCC(O)C(C)(C)O)[C@H]1CC[C@@]2(C)C3=C(CC[C@]12C)[C@@]1(C)C[C@@H](OC(=O)CC(C)(O)CC(=O)O)C(=O)C(C)(C)[C@@H]1CC3,0
CHEMBL2171858,COc1ccc(I)cc1Nc1ccc(OC)c2ccccc12,0
CHEMBL4475877,COc1ccc(-c2cccc(Nc3cc(=O)n(O)c(=O)[nH]3)c2)c(OC)c1,0
CHEMBL2180590,C[C@@H](CO)Nc1nc(C(=O)NCc2ccc(F)cc2)c(O)c2ncccc12,0
CHEMBL198001,O=C(O)C(=O)/C=C(\O)c1cn(Cc2ccc(F)cc2)c2ccccc12,1
CHEMBL189718,Cn1c(/C(O)=C/C(=O)C(=O)O)cc2cc3c(cc21)OCO3,0
CHEMBL408699,COc1cc2c(cc1Cc1cccc(Cl)c1F)c(=O)c(C(=O)O)cn2[C@@H](CO)C(C)C,1
CHEMBL368084,O=C(/C=C(\O)c1ccc(Cc2ccc(F)cc2)o1)c1nc[nH]n1,1
CHEMBL312008,CN(C)c1ccc(C(c2c(O)oc3ccccc3c2=O)c2c(O)oc3ccccc3c2=O)cc1,0
CHEMBL244651,CN1CCOCC1c1nc(C(=O)NCc2cccc(F)c2)c(O)c(=O)n1C,1
CHEMBL2206227,CN(C)S(=O)(=O)c1c(O)c(O)c(O)c2c1CN(Cc1ccc(F)c(Cl)c1)C2=O,0
CHEMBL129147,Cc1cc2nc3nc(N)nc(NS(=O)(=O)c4cc(C)c(Cl)cc4S)n3c2cc1C,0
CHEMBL498698,O=C(O)/C(O)=C/C(=O)c1cn(Cc2ccc(F)cc2)c2c(F)cccc2c1=O,1
CHEMBL3360132,Cn1c(C2CCOCC2)nc(C(=O)NCc2ccc(F)cc2-n2cncn2)c(O)c1=O,1
CHEMBL3309907,CNC(=O)c1c(O)c2ncc(Cc3ccc(F)cc3)cc2n(CC(=O)N2CCCC2)c1=O,1
CHEMBL475828,O=C(/C=C/c1ccc(Cl)cc1)Nc1cccc(C(=O)/C=C(\O)C(=O)O)c1,0
CHEMBL398969,O=C(CSc1nnc(-c2ccccc2O)n1Cc1ccccc1)NNC(=O)c1ccccc1O,0
CHEMBL1682039,O=C(O)c1cc(F)cc(C(=O)/C=C/c2ccc(Cl)cc2)c1O,0
CHEMBL3582051,CCOC(=O)/C(O)=C/C(=O)c1cn(Cc2cc(C)cc(C)c2)c2ccccc2c1=O,0
CHEMBL394537,CN1CCN(C(=O)OC(C)(C)C)CC1c1nc(C(=O)NCc2ccc(F)cc2)c(O)c(=O)n1C,1
CHEMBL461259,COc1c2c(c(O)c3ncc(Cc4ccc(F)cc4)cc13)C(=O)NC2,1
CHEMBL3290947,O=c1nc(NCc2cccc(N3CCOCC3)c2)c2cccnc2n1O,0
CHEMBL1761476,CCc1c(C(=O)c2cc(C)cc(C)c2)n(COCCc2ccc(F)cc2)c(=O)n(O)c1=O,0
CHEMBL239056,CCCn1c(=O)c(C(=O)NNC(=O)c2ccccc2)c(O)c2ccccc21,0
CHEMBL373035,O=C(O)c1cc(NC(=O)c2cccc3ccccc23)c(C(=O)O)cc1NC(=O)c1cccc2ccccc12,0
CHEMBL513189,CN(c1c2c(c(O)c3ncccc13)C(=O)N(Cc1ccc(F)cc1)C2)S(C)(=O)=O,1
CHEMBL2171670,COC(=O)c1[nH]cc(C(=O)NCc2ccc(F)cc2)c(=O)c1O,1
CHEMBL3286416,O=C(Nc1ccccc1)c1c(O)n(O)c(=O)c2cc([N+](=O)[O-])ccc12,1
CHEMBL475853,O=C(O)/C(O)=C/C(=O)c1cccc(NC(=O)c2ccccc2O)c1,0
CHEMBL152850,O=C1NNC(=O)c2ccccc2SSc2ccccc2C(=O)NNC(=O)c2ccccc2SSc2ccccc21,0
CHEMBL1682038,O=C(O)c1cc(Cl)cc(C(=O)/C=C/c2ccc(Cl)c(Cl)c2)c1O,0
CHEMBL363333,O=C(O)C(=O)/C=C(\O)c1cc2ccccc2n1Cc1ccccc1,0
CHEMBL3087635,CCOC(=O)C(=O)CC(=O)/C=C/c1cccn1Cc1ccccc1C#N,0
CHEMBL4130102,CC1(C)OCCn2c1nc(C(=O)NCc1ccc(F)cc1N1CCCCS1(=O)=O)c(O)c2=O,1
CHEMBL240543,O=C(CSc1nnc(-c2ccncc2)[nH]1)c1ccc(O)cc1O,0
CHEMBL549831,Cn1nnc(CN2CCn3c(nc(C(=O)NCc4ccc(F)cc4)c(O)c3=O)C2(C)C)n1,1
CHEMBL316892,Cc1ccc2cccc(O)c2n1,0
CHEMBL226374,O=C(O)C(=O)CC(=O)c1ccc2c(c1)[nH]c(=O)c1ccccc12,0
CHEMBL1422607,Cc1nc2ccc(Cl)cc2c(-c2ccccc2)c1CC(=O)O,0
CHEMBL1773410,O=C1c2ncc3c(c(CCC(F)(F)F)cn3Cc3ccc(F)cc3)c2CCN1O,1
CHEMBL1761474,CCc1c(C(=O)c2cc(C)cc(C)c2)n(COCc2ccccc2)c(=O)n(O)c1=O,0
CHEMBL3582047,CCOC(=O)/C(O)=C/C(=O)c1cn(Cc2cc(F)cc(F)c2)c2ccccc2c1=O,0
CHEMBL462561,Cc1cc(S(=O)(=O)Nc2nc3cc(C(C)(C)C)sc3c(=O)n2N)c(S)cc1Cl,0
CHEMBL478239,CN(C)C(=O)CN1CC(c2nc(C(=O)NCc3ccc(F)cc3)c(O)c3ncccc23)CC1=O,1
CHEMBL557319,Cc1cc(C)cc(NS(=O)(=O)c2ccc(NC(=O)c3cc(O)c(O)c(O)c3)cc2)c1,0
CHEMBL3310415,COCCNC(=O)c1c(O)c2ncc(Cc3ccc(F)cc3)cc2n(CC(=O)N2CCN(C)CC2)c1=O,1
CHEMBL3397849,COc1c(C(=O)N2CCN(CCNC(=O)c3cc(O)c(O)c(O)c3)CC2)nc(Cc2ccccc2)n(C)c1=O,0
CHEMBL569375,O=C1c2ccc(O)c(O)c2C(=O)N1Cc1cccc(Br)c1,0
CHEMBL4454510,COc1cccc(OC)c1-c1cccc(Nc2cc(=O)n(O)c(=O)[nH]2)c1,0
CHEMBL416364,O=C(O)C(=O)CC(=O)c1cccc(OCc2ccc(C(=O)c3ccccc3)cc2)c1,0
CHEMBL413552,O=c1c(O)c(-c2ccc(O)c(O)c2)oc2cc(O)c(O)c(O)c12,0
CHEMBL3805999,O=C(NC1CCCC1)C1C(=O)N(O)C(=O)c2ccccc21,0
CHEMBL552566,O=C1c2ccc(O)c(O)c2C(=O)N1Cc1ccc(F)cc1F,0
CHEMBL1682035,O=C(O)c1cc(Cl)cc(C(=O)/C=C/c2cc(Cl)ccc2Cl)c1O,0
CHEMBL68073,C[Si](C)(C)C,0
CHEMBL1171838,Oc1ccc2cc(-c3cccc(F)c3)ccc2c1O,0
CHEMBL334547,Cc1cc(S(=O)(=O)Nc2nc(N)n(-c3ccccn3)n2)c(S)cc1Cl,0
CHEMBL4446400,COC(=O)c1ccc(-c2ccc(C(=O)c3cc(=O)n(O)c(=O)[nH]3)cc2)cc1,0
CHEMBL84340,O=c1c(C(c2ccccn2)c2c(O)oc3cc(O)ccc3c2=O)c(O)oc2cc(O)ccc12,0
CHEMBL497028,COc1cc(-c2ccc(C=C3C(=O)NC(=S)NC3=O)o2)c(Cl)cc1C(=O)O,0
CHEMBL261703,O=C(/C=C/c1cc(O)c(O)cc1[N+](=O)[O-])O[C@H](Cc1cc(O)c(O)cc1[N+](=O)[O-])C(=O)O,1
