cid,Smiles,activity
CHEMBL549422,CC1(C)c2nc(C(=O)NCc3ccc(F)cc3)c(O)c(=O)n2CCN1Cc1nnn[nH]1,8.7
CHEMBL3415853,O=C(O)/C(O)=C/C(=O)c1cc(-c2ccccc2)cn1Cc1ccc(F)cc1,7.72
CHEMBL559492,CC(=O)N1CCN(C)CC1(C)c1nc(C(=O)NCc2ccc(F)cc2)c(O)c(=O)[nH]1,7
CHEMBL33475,O=C1Sc2cc3ccccc3cc2C(=O)N2CCSC12,4.353333333
CHEMBL557308,CC1(C)c2nc(C(=O)NCc3ccc(F)cc3)c(O)c(=O)n2CCN1CC(=O)N1CCCC1,8.15
CHEMBL448271,CN(C(=O)[C@H](N)c1cc(Cl)c(O)c(Cl)c1)[C@@H](Cc1ccc(Oc2cc3cc(c2O)-c2cccc4c(c[nH]c24)C[C@@H](N)C(=O)N[C@H](c2cc(Cl)c(O)c(Cl)c2)C(=O)N[C@H]3C(=O)O)cc1)C(=O)O,4.59
CHEMBL3989866,O=C(NCc1c(F)cc(F)cc1F)c1cn2c(c(O)c1=O)C(=O)N1[C@H]3CC[C@H](C3)O[C@@H]1C2,8.12
CHEMBL48573,O=C(/C=C/c1cccn1Cc1ccc(F)cc1)CC(=O)C(=O)O,7.58
CHEMBL560836,COc1cc2c(cc1Cc1cccc(Cl)c1F)c(=O)c(C(=O)O)cn2[C@H](CO)C1CCCCC1,8.17
CHEMBL67076,O=C(CCc1ccc(O)c(O)c1)c1ccc(O)c(O)c1O,5.77
CHEMBL1914550,O=C(NCc1ccc(F)cc1C(F)(F)F)c1c(O)c2ncc(Cc3ccccc3)cc2[nH]c1=O,7.5
CHEMBL492538,CCN(CC)C(=O)C(=O)N(CC)c1cccn2c(=O)c(O)c(C(=O)NCc3ccc(F)cc3)nc12,7.72
CHEMBL250779,O=C(CSc1nnc(Cc2ccccc2)n1C1CCCCC1)NNC(=O)c1ccccc1O,4.725
CHEMBL373133,CC(=O)c1ccc(/C=C/S(=O)(=O)CS(=O)(=O)/C=C/c2ccc(C(C)=O)c(C(C)=O)c2)cc1C(C)=O,4.16
CHEMBL1223400,Cn1c([C@@H]2C[C@H](F)CN2C2CC2)nc(C(=O)NCc2ccc(F)cc2)c(O)c1=O,7.7
CHEMBL1213726,COc1cccc2c1c(C(=O)/C=C(\O)C(=O)O)cn2Cc1ccc(F)cc1Cl,7.22
CHEMBL3309903,CNC(=O)c1c(O)c2ncc(Cc3ccc(F)cc3)cc2n(CC(N)=O)c1=O,8.12
CHEMBL2316136,O=C(NCCCN1CCCC1=O)c1c(O)c2ncc(Cc3ccc(F)cc3)cc2[nH]c1=O,8.4
CHEMBL389142,CN1CCOCC1c1nc(C(=O)NCc2cccc(Cl)c2)c(O)c(=O)n1C,7.21
CHEMBL272194,CC1=NN(c2nnn[nH]2)C(=O)/C1=C\c1cc(Cl)c(O)c(Cl)c1,7.925
CHEMBL310293,O=c1c(C(c2ccc3c(c2)Cc2ccccc2-3)c2c(O)oc3ccccc3c2=O)c(O)oc2ccccc12,5.065
CHEMBL427235,CC(C)C[C@H](NC(=O)[C@H](CCCCN)NC(=O)[C@H](CC(C)C)NC(=O)[C@H](CC(C)C)NC(=O)[C@H](Cc1ccccc1)NC(=O)[C@H](Cc1ccc(O)cc1)NC(=O)[C@H](C)NC(=O)[C@@H](N)[C@@H](C)O)C(=O)N[C@@H](C)C(=O)NCC(=O)N[C@@H](CCCN=C(N)N)C(=O)N[C@@H](Cc1c[nH]c2ccccc12)C(N)=O,5.125
CHEMBL3360120,Cn1c(C2CCOC2)nc(C(=O)NCc2ccc(F)cc2N2CCCCS2(=O)=O)c(O)c1=O,8.05
CHEMBL381234,COc1ccc(C(=O)Nc2ccc(O)c(-c3nc4ccccc4o3)c2)cc1[N+](=O)[O-],5.19
CHEMBL3288834,COC(=O)[C@H](CO)Nc1c(C(=O)NCc2ccc(F)cc2F)c(=O)n(O)c2ncccc12,8.08
CHEMBL3612301,Cc1ccc(-c2c(C(OC(C)(C)C)C(=O)O)ccc3sc(C)cc23)cc1,7.34
CHEMBL232228,O=C(NCc1c[nH]c2ccccc12)c1nc(-c2cccs2)nc(O)c1O,7.7
CHEMBL175404,O=C1c2c(c(O)c3nccnc3c2O)C(=O)N1Cc1cccc2ccccc12,5.85
CHEMBL1773411,O=C1c2ncc3c(c(S(=O)(=O)N4CCOCC4)cn3Cc3ccc(F)cc3)c2CCN1O,7.37
CHEMBL208722,COC(=O)C(=O)/C=C(\O)c1cccn1Cc1ccc(F)cc1,4.32
CHEMBL563507,O=C1c2c(ccc(O)c2O)CN1Cc1ccc(F)c(F)c1,4.14
CHEMBL1773321,CN(Cc1cn(Cc2ccc(F)cc2)c2cnc3c(c12)CCN(O)C3=O)CC1CC1,7.46
CHEMBL389566,CN1CC[S+]([O-])CC1c1nc(C(=O)NCc2ccc(F)cc2)c(O)c(=O)n1C,7.43
CHEMBL3125968,O=C(NCc1ccc(F)cc1F)c1cc2ccccc2n(O)c1=O,4.71
CHEMBL249447,O=C(/C=C/c1ccc(O)c(O)c1)O[C@@H]1C[C@](O)(C(=O)O)C[C@@H](OC(=O)/C=C/c2ccc(O)c(O)c2)[C@H]1O,5.89
CHEMBL551437,CCCn1cc(C(=O)O)c(=O)c2cc(Cc3cccc(Cl)c3Cl)ccc21,7.26
CHEMBL35842,O=C(c1cccc(Cc2ccccc2)c1)c1ccc2cccnc2c1O,7.3
CHEMBL2407277,COc1ccc(NC(=O)C2C(=O)N(O)C(=O)c3ccccc32)cc1Cl,7.7
CHEMBL1813501,O=C(NCC1CCCCC1)c1cccc(O)c1O,4.75
CHEMBL395819,CN1CCOCC1c1nc(C(=O)NCc2ccc(F)c(Br)c2)c(O)c(=O)n1C,7.36
CHEMBL514836,O=C1CC(c2nc(C(=O)NCc3ccc(F)cc3)c(O)c3ncccc23)CN1,7.62
CHEMBL563628,CC(=O)N1CCCC1c1nc(C(=O)NCc2ccc(F)cc2)c(O)c(=O)[nH]1,7.4
CHEMBL242883,O=C(O)/C(O)=C/C(=O)c1cccc(Cc2ccccc2)c1,7.3
CHEMBL338145,CC1=NN(c2ccccc2)C(=O)C1/N=N/c1ccc(S(=O)(=O)Nc2nccc(C)n2)cc1,4.47
CHEMBL177673,O=C1c2c(c(O)c3nccnc3c2O)C(=O)N1c1ccc2c(c1)OCO2,5
CHEMBL173530,COc1cc(C)c2c(c1C=O)Oc1c(c(C)c(O)c3c1C(O)OC3=O)OC2=O,5.426
CHEMBL563631,Cc1cnc(CN2CCn3c(nc(C(=O)NCc4ccc(F)cc4)c(O)c3=O)C2(C)C)o1,8.1
CHEMBL171315,CC1OC(O)C(O)C(O)C1Oc1c(-c2ccc(O)c(O)c2)oc2cc(O)cc(O)c2c1=O,4.32
CHEMBL368123,O=C1OC2C(O)COC2(O)C1(O)Cc1cc(O)c(O)c(Br)c1Br,4.41
CHEMBL1914564,O=C(NCc1ccc(F)cc1)c1c(O)c2ncc(Cc3ccc(F)cc3)cc2n(CC(=O)N2CCOCC2)c1=O,8.1
CHEMBL128927,O=S(=O)(Nc1nnc2c3ccccc3cnn12)c1ccc(Cl)cc1S,4.475
CHEMBL240511,Cc1ccc(NC(=O)CN2C(=O)/C(=N\NC(=O)c3ccc4ccccc4n3)c3ccccc32)cc1,4.08
CHEMBL1909980,COc1ccc(CCN2C(=O)C(O)=C(C(=O)c3ccccc3)C2c2ccccc2)cc1,4.225
CHEMBL1914561,O=C(NCc1ccc(F)cc1)c1c(O)c2ncc(Cc3ccccc3)cc2n(CCN2CCCC2=O)c1=O,7.5
CHEMBL495540,COc1cccc2c1c(C(=O)/C=C(\O)C(=O)O)cn2Cc1c(F)cccc1F,7.1
CHEMBL173234,Cc1cc(C)nc(NS(=O)(=O)c2ccc(NC(=O)c3cccn4c(=O)c5ccccc5nc34)cc2)n1,4.235
CHEMBL1914558,O=C(NCc1ccc(F)cc1)c1c(O)c2ncc(Cc3ccccc3)cc2n(CC2CC2)c1=O,7.47
CHEMBL211490,C[C@H](N)C(=O)N[C@@H](CS)C(=O)N[C@@H](Cc1c[nH]c2ccccc12)C(=O)N[C@@H](Cc1c[nH]c2ccccc12)C(=O)N[C@@H](C)C(=O)NCC(N)=O,4.22
CHEMBL335480,Cc1cc(S(=O)(=O)/N=C(\NN)NNc2cccc(C(F)(F)F)n2)c(S)cc1Cl,4.03
CHEMBL549713,O=C(Nc1ccc(S(=O)(=O)Nc2ccccc2)cc1)c1cc(O)c(O)c(O)c1,5.49
CHEMBL284616,O=C(/C=C/c1ccc(O)c(O)c1)O[C@@H]1C[C@](O)(C(=O)O)C[C@@H](O)[C@H]1O,4.256666667
CHEMBL550574,Cc1cc(CN2C(=O)c3ccc(O)c(O)c3C2=O)ccc1F,4.96
CHEMBL128729,COc1cc(/C=C/C(=O)/C=C/c2ccc(O)c(OC)c2)ccc1O,4.43
CHEMBL557899,O=C1c2c(ccc(O)c2O)CN1Cc1ccc(Cl)c(Cl)c1,7
CHEMBL1914460,CN(C)C(=O)Cn1c(=O)c(C(=O)NCc2ccc(F)cc2)c(O)c2ncc(Cc3ccc(F)cc3)cc21,8.4
CHEMBL1258612,Cn1ccn2c(=O)c(O)c(C(=O)NCc3ccc(F)cc3)nc12,7.12
CHEMBL340697,Cc1cc(S(=O)(=O)Nc2nnc3c4c(C)csc4ncn23)c(S)cc1Cl,5.45
CHEMBL2407279,O=C(Nc1ccc(F)cc1)C1C(=O)N(O)C(=O)c2ccccc21,5.95
CHEMBL414850,O=C(NCc1ccc(F)cc1)c1nc(N2CCCCS2(=O)=O)c2cccnc2c1O,8.297058824
CHEMBL172350,COc1c(O)cc2oc(-c3ccc(O)c(O)c3)cc(=O)c2c1O,4.22
CHEMBL188686,COC(=O)C(=O)CC(=O)c1cc2ccccc2n1C,4.175
CHEMBL392160,CCn1c(=O)c(C(=O)NNC(=O)c2cccc([N+](=O)[O-])c2)c(O)c2ccccc21,4.6
CHEMBL371492,O=C(/C=C(\O)c1ccc(Cl)cc1)C(=O)/N=N/c1c(O)[nH]c2ccc(Br)cc12,4.465
CHEMBL190009,O=S(=O)(/C=C/c1cc(O)c(O)c(O)c1)CS(=O)(=O)/C=C/c1cc(O)c(O)c(O)c1,5.75
CHEMBL1917872,O=C(NCc1ccc(F)cc1)c1c(O)c2ncccc2[nH]c1=O,7.89
CHEMBL236409,CNC(=O)c1cn2c(c1O)C(=O)N(Cc1ccc(Cl)c(Cl)c1)CC2,7.4
CHEMBL3360114,Cn1c(C2(C)CCCO2)nc(C(=O)NCc2ccc(F)cc2)c(O)c1=O,8.3
CHEMBL83746,COc1cc(NC(=O)c2ccc3ccc(C(=O)O)c(O)c3n2)cc(O)c1O,5.19
CHEMBL105883,Cc1cc2cc(O)c(O)cc2c(C)c1-c1ccccc1C(F)(F)F,4.66
CHEMBL554284,Cc1nnc(CN2CCn3c(nc(C(=O)NCc4ccc(F)cc4)c(O)c3=O)C2(C)C)o1,8.3
CHEMBL461259,COc1c2c(c(O)c3ncc(Cc4ccc(F)cc4)cc13)C(=O)NC2,7.85
CHEMBL2316119,Cn1c(=O)c(C(=O)NCC(F)F)c(O)c2ncc(Cc3ccc(F)cc3)cc21,8.3
CHEMBL556473,O=C1c2ccc(O)c(O)c2C(=O)N1Cc1cccc(Cl)c1F,5.15
CHEMBL3334642,O=C(NCc1cccc(F)c1)c1nc(-c2ccc(F)cc2)[nH]c(=O)c1O,5.11
CHEMBL19977,O=C(O)C(=O)CC(=O)c1cc(OCc2ccccc2)cc(OCc2ccccc2)c1,5.46
CHEMBL551942,CN1CCN(C(=O)c2cnccn2)C(C)(c2nc(C(=O)NCc3ccc(F)cc3)c(O)c(=O)[nH]2)C1,7
CHEMBL1813513,N#Cc1cc(O)c(O)c(C(=O)NCc2ccc(F)cc2)c1,4.39
CHEMBL243150,CN1CCN(S(C)(=O)=O)CC1c1nc(C(=O)NCc2ccc(F)cc2)c(O)c(=O)n1C,7.74
CHEMBL1773404,O=C1c2ncc3c(c(COCc4ccccc4F)cn3Cc3ccc(F)cc3)c2CCN1O,7.8
CHEMBL3125970,O=C(NCc1ccc(F)c(Cl)c1)c1c(O)c2cccnc2n(O)c1=O,7.57
CHEMBL128792,Cc1ccc(NC(=O)c2cc(S(=O)(=O)Nc3nncn3CC(C)C)c(S)cc2Cl)cc1,4.06
CHEMBL129376,O=C(Nc1ccc(F)cc1)c1cc(S(=O)(=O)Nc2nncn2-c2ccc(F)cc2)c(S)cc1Cl,4.265
CHEMBL4578898,COc1cccc2cc(C(=O)NNC(=O)c3ccccc3O)c(=O)oc12,7.33
CHEMBL458228,Cc1cc2c(cc1Cl)SC(C(=O)c1ccc(Br)cc1)NS2(=O)=O,5.46
CHEMBL367939,CC(=O)Nc1ccc(N)c2cc(S(=O)(=O)O)ccc12,5.52
CHEMBL3360118,Cn1c(C2CCOC2)nc(C(=O)NCc2ccc(F)cc2S(C)(=O)=O)c(O)c1=O,8.05
CHEMBL339551,CC(=O)C(/N=N/c1ccc(S(=O)(=O)Nc2ccccn2)cc1)C(=O)Nc1ccccc1C,4.16
CHEMBL173395,COC(=O)c1c(C)cc(OC(=O)c2c(C)cc(O)c(C=O)c2O)c(C)c1O,4.305
CHEMBL3582073,O=C(O)/C(O)=C/C(=O)c1cn(Cc2ccccc2F)c2c(Cl)cccc2c1=O,4.69
CHEMBL550590,Cn1cnc(CN2CCn3c(nc(C(=O)NCc4ccc(F)cc4)c(O)c3=O)C2(C)C)n1,7.6
CHEMBL550893,O=C(O)c1cn(CCO)c2ccc(Cc3cccc(Cl)c3Cl)cc2c1=O,7.68
CHEMBL253394,O=C1c2c(ccc(O)c2O)CN1N1C(=O)c2ccc(O)c(O)c2C1=O,4.11
CHEMBL242924,CN1CCN(C(=O)c2ccccc2)CC1c1nc(C(=O)NCc2ccc(F)cc2)c(O)c(=O)n1C,7.92
CHEMBL549611,Cc1cc2c(cc1Cc1cccc(Cl)c1Cl)c(=O)c(C(=O)O)cn2CCO,7.39
CHEMBL3360128,COCCN1CCN(c2cc(F)ccc2CNC(=O)c2nc(C3CCOC3)n(C)c(=O)c2O)C1=O,8.52
CHEMBL1257580,O=C(NCc1ccc(F)cc1)c1nc2ccc(N3CCOCC3)cn2c(=O)c1O,7.1
CHEMBL538587,CN1CCOCC1c1nc(C(=O)NCc2ccc(F)cc2)c(O)c(=O)n1C.Cl,7.65
CHEMBL446297,C=C(CC[C@@H](C)[C@H]1CC=C2C3=C([C@@H](O)[C@H](OC(C)=O)[C@@]21C)[C@@]1(C)C[C@@H](O)[C@H](OS(=O)(=O)O)C(C)(C)[C@@H]1CC3)C(C)C,5.0125
CHEMBL2316129,CC(C)CCNC(=O)c1c(O)c2ncc(Cc3ccc(F)cc3)cc2[nH]c1=O,8.3
CHEMBL293573,CO[C@@H]1O[C@H](COC(=O)/C=C/c2ccc(O)c(O)c2)[C@@H](O)[C@H](OC(=O)/C=C/c2ccc(O)c(O)c2)[C@H]1O,4.46
CHEMBL142072,O=C(c1cc(Cc2ccccc2)ccn1)c1ccc2cccnc2c1O,7.3
CHEMBL377759,CC(=O)N(C)c1nc(C(=O)NCc2ccc(F)cc2)c(O)c2ncccc12,7.6
CHEMBL339463,Cc1ccnc(NS(=O)(=O)c2ccc(/N=N/c3cc4ccccc4c(C(=O)O)c3O)cc2)n1,4.6
CHEMBL396335,CC1(C)OC(=O)C2(C(=O)O1)[C@@H](c1ccco1)CC(=O)C[C@H]2c1c[nH]c2ccccc12,4.9
CHEMBL3259891,COC(C(=O)O)c1c(C)nc2ccc(Br)cc2c1-c1ccc(Cl)cc1,7.4
CHEMBL2315828,Cn1c(=O)c(C(=O)NCCCN2CCCC2=O)c(O)c2ncc(Cc3ccc(F)cc3)cc21,7.8
CHEMBL349925,Cc1oc2cc3c(-c4c(O)cc(O)c5c(O)c6c(cc45)O[C@H](C)[C@H](C)C6=O)c(O)cc(O)c3c(O)c2c(=O)c1C,5.4
CHEMBL176023,O=C(c1ccccc1)N1CCC(N2C(=O)c3c(c(O)c4nccnc4c3O)C2=O)CC1,5.62
CHEMBL4127873,O=C(NCc1ccc(F)cc1N1CCCCS1(=O)=O)c1nc2n(c(=O)c1O)CCCC21CCCC1,8.226666667
CHEMBL108760,O=C(O)C(=O)/C=C(\O)c1c[nH]c2ccc(Cl)cc12,7.1
CHEMBL491347,COCCNC(=O)c1c(O)c2ncc(Cc3ccc(F)cc3)cc2n(C)c1=O,8.4
CHEMBL526172,CC[C@H](C)[C@H](NC(=O)[C@H](CO)NC(=O)[C@@H](N)CCCNC(=N)N)C(=O)N[C@@H](CO)C(=O)NCC(=O)N[C@@H](Cc1c[nH]c2ccccc12)C(=O)N[C@H](C(=O)N[C@@H](CC(C)C)C(=O)N[C@@H](CO)C(=O)N[C@H](C(=O)N[C@@H](Cc1ccc(O)cc1)C(=O)N[C@@H](CC(C)C)C(=O)NCC(=O)N[C@@H](CCCNC(=N)N)C(=O)N1CCC[C@H]1C(=O)O)[C@@H](C)O)[C@@H](C)CC,4.88
CHEMBL552566,O=C1c2ccc(O)c(O)c2C(=O)N1Cc1ccc(F)cc1F,4.8
CHEMBL2407280,O=C(NCc1ccccc1)C1C(=O)N(O)C(=O)c2ccccc21,7.31
CHEMBL1222997,O=c1c(O)c(-c2ncc(Cc3ccc(F)cc3)s2)nc2c(N3CCCS3(=O)=O)cc(N3CCOCC3)cn12,7.44
CHEMBL4562173,O=C(NNC(=O)c1cc2cc(Br)ccc2oc1=O)c1ccccc1O,7.85
CHEMBL49363,Cc1ccc(Cn2cccc2/C=C/C(=O)CC(=O)C(=O)O)cc1,4.78
CHEMBL310188,O=c1c(C(c2ccccc2)c2c(O)oc3cc(O)ccc3c2=O)c(O)oc2cc(O)ccc12,4.65
CHEMBL174172,O=C(NO)/C(CC(=O)c1ccc(O)cc1O)=N\O,4.475
CHEMBL527049,CC[C@H](C)[C@H](NC(=O)[C@H](CC(C)C)NC(=O)[C@H](CCCNC(=N)N)NC(=O)[C@@H](NC(=O)[C@@H](NC(=O)[C@H](CCCCN)NC(=O)[C@H](CC(C)C)NC(=O)[C@H](CC(C)C)NC(=O)[C@H](CCC(=O)O)NC(=O)[C@H](CCC(=O)O)NC(=O)[C@H](CC(=O)O)NC(=O)[C@H](CO)NC(=O)[C@H](CC(=O)O)NC(=O)CNC(=O)[C@H](CO)NC(=O)[C@H](CCCNC(=N)N)NC(=O)CNC(=O)[C@H](C)NC(=O)[C@@H](N)CCSC)[C@@H](C)O)C(C)C)C(=O)N[C@@H](CCCCN)C(=O)N[C@@H](Cc1ccccc1)C(=O)N[C@@H](CC(C)C)C(=O)N[C@@H](Cc1ccc(O)cc1)C(=O)N[C@@H](CCC(N)=O)C(=O)N[C@@H](CO)C(=O)N[C@@H](CC(N)=O)C(=O)N1CCC[C@H]1C(=O)N1CCC[C@H]1C(=O)N1CCC[C@H]1C(=O)N[C@@H](CO)C(=O)O,5.19
CHEMBL237724,O=C1c2c(O)c(O)cc(=O)n2CCN1Cc1ccc(F)cc1,7
CHEMBL3259901,Cc1ccc2c(-c3ccc(Cl)cc3)c([C@H](OC(C)(C)C)C(=O)O)c(C)nc2c1,7.4
CHEMBL408938,CCNC(=O)c1cc(F)ccc1CNC(=O)c1nc(C(C)(C)C)n(C)c(=O)c1O,7.16
CHEMBL244963,CN1CCCC1c1nc(C(=O)NCc2ccc(F)cc2)c(O)c(=O)n1C,7
CHEMBL173117,O=[N+]([O-])c1cc(Cc2cc([N+](=O)[O-])c(O)c([N+](=O)[O-])c2)cc([N+](=O)[O-])c1O,4.315
CHEMBL113197,CCCCCC=C(c1cc(Cl)c(O)c(C(=O)NO)c1)c1cc(Cl)c(O)c(C(=O)NO)c1,5.4
CHEMBL243366,CCN1CCOCC1c1nc(C(=O)NCc2ccc(F)cc2)c(O)c(=O)n1C,7.48
CHEMBL559395,CC1(C)c2nc(C(=O)NCc3ccc(F)cc3)c(O)c(=O)n2CCN1Cc1cocn1,8.52
CHEMBL3310096,CNC(=O)Cn1c(=O)c(C(=O)NCCOC)c(O)c2ncc(Cc3ccc(F)cc3)cc21,8.05
CHEMBL510353,CC[C@H](C)[C@H](NC(=O)[C@H](CC(C)C)NC(=O)[C@H](CCCNC(=N)N)NC(=O)[C@@H](NC(=O)[C@@H](NC(=O)[C@H](CCCCN)NC(=O)[C@@H](N)CC(C)C)[C@@H](C)O)C(C)C)C(=O)N[C@@H](CCCCN)C(=O)N[C@@H](Cc1ccccc1)C(=O)N[C@@H](CC(C)C)C(=O)N[C@@H](Cc1ccc(O)cc1)C(=O)O,5.075
CHEMBL128608,Cc1cc(C(F)(F)F)cc(-n2nc(NS(=O)(=O)c3cc(C)c(Cl)cc3S)nc2N)n1,5.115
CHEMBL3138268,CC(CCC=C(c1cc(Cl)c(O)c(C(=O)O)c1)c1cc(Cl)c(O)c(C(=O)O)c1)[C@H]1CC[C@H]2[C@@H]3CC[C@@H]4CC(F)(F)CC[C@]4(C)[C@H]3CC[C@@]21C,5.66
CHEMBL198596,O=C(/C=C/c1ccc(Cl)cc1)Nc1ccc(NC(=O)c2ccco2)cc1,4.045
CHEMBL270717,O=C(O)c1c[nH]c2ccc(Cc3cccc(Cl)c3F)cc2c1=O,7.36
CHEMBL4128715,CC1(C)OCCn2c1nc(C(=O)NCc1ccc(F)cc1Cl)c(O)c2=O,7.64
CHEMBL557899,O=C1c2c(ccc(O)c2O)CN1Cc1ccc(Cl)c(Cl)c1,4.05
CHEMBL17001,COC(=O)/C=C/c1ccc(O)c(O)c1,4
CHEMBL430194,CN1CC(c2nc(C(=O)NCc3ccc(F)cc3)c(O)c(=O)n2C)N(C)CC1=O,7.3
CHEMBL382139,O=C(O)C(=O)/C=C(\O)c1nc2c(ncn2Cc2ccccc2)c(=O)n1Cc1ccccc1,5.045
CHEMBL175052,O=C(NC(Cc1ccc(O)c(O)c1)C(=O)OCc1ccccc1)c1ccc([N+](=O)[O-])cc1,4.19
CHEMBL421353,O=C(O)C(=O)/C=C(\O)c1cccn1Cc1ccc(F)cc1,4.82
CHEMBL109453,COc1cc(C2C(Cl)C(=O)N2NC(=O)c2ccccc2O)cc(OC)c1OC,4.136666667
CHEMBL562327,CC1(C)c2nc(C(=O)NCc3ccc(F)cc3)c(O)c(=O)n2CCN1CC(=O)O,8.1
CHEMBL242561,CN1C[C@@H](NS(C)(=O)=O)C[C@H]1c1nc(C(=O)NCc2ccc(F)cc2)c(O)c(=O)n1C,7.52
CHEMBL2316135,O=C(NCCCN1CCCC1)c1c(O)c2ncc(Cc3ccc(F)cc3)cc2[nH]c1=O,7.64
CHEMBL3360109,Cn1c(-c2ccco2)nc(C(=O)NCc2ccc(F)cc2)c(O)c1=O,7.68
CHEMBL2171855,COC(=O)c1ccc(Nc2ccc(OC)c3ccccc23)cc1,4.46
CHEMBL1682048,O=C(O)c1cc(Br)cc(C(=O)/C=C/c2ccccc2OCc2ccccc2)c1O,4.923333333
CHEMBL378373,O=C(O)C(=O)/C=C(\O)c1ccc2ncc(/C(O)=C/C(=O)C(=O)O)c(O)c2c1,5.08
CHEMBL82986,O=C(NCc1ccc(O)c(O)c1O)c1ccc2ccc(C(=O)O)c(O)c2n1,5.82
CHEMBL272642,Cc1ccc2nc(-c3ccc(NC(=O)/C=C/C(=O)O)cc3)sc2c1,7.48
CHEMBL173395,COC(=O)c1c(C)cc(OC(=O)c2c(C)cc(O)c(C=O)c2O)c(C)c1O,4.305
CHEMBL4128240,CS(=O)(=O)c1cc(F)ccc1CNC(=O)c1nc2n(c(=O)c1O)CCCC21CCCC1,8.5
CHEMBL378373,O=C(O)C(=O)/C=C(\O)c1ccc2ncc(/C(O)=C/C(=O)C(=O)O)c(O)c2c1,5.08
CHEMBL475854,O=C(O)/C(O)=C/C(=O)c1cccc(NC(=O)c2cc([N+](=O)[O-])cc([N+](=O)[O-])c2O)c1,5.4
CHEMBL240547,COc1ccc(C(=O)Nc2ccccc2C(=O)NC(C(=O)NNC(=O)c2ccccc2O)C(C)C)cc1,4.76
CHEMBL550674,CC(=O)N1CCC[C@@]1(C)c1nc(C(=O)NCc2ccc(F)cc2)c(O)c(=O)[nH]1,7.7
CHEMBL1084126,O=C(NCn1ccnc1)c1nc(-c2cccs2)nc(O)c1O,4.77
CHEMBL557854,CC(=O)N1CCn2c(nc(C(=O)NCc3ccc(F)cc3)c(O)c2=O)C1(C)C,8.3
CHEMBL2236599,O=C(O)/C(O)=C/C(=O)c1cn(Cc2cccc(F)c2)c2ccccc2c1=O,7.82
CHEMBL572902,CC(=O)N1CCN(c2cc(C(=O)NCc3ccc(F)cc3)c(O)c3ncccc23)CC1,7.7
CHEMBL3310092,C[C@@H](O)CNC(=O)c1c(O)c2ncc(Cc3ccc(F)cc3)cc2n(CC(=O)N(C)C)c1=O,8.04
CHEMBL550051,CC1(C)c2nc(C(=O)NCc3ccc(F)cc3)c(O)c(=O)n2CCN1CCN1CCOCC1,8.52
CHEMBL430049,CCCNC(=O)c1cc(F)ccc1CNC(=O)c1nc(C(C)(C)C)n(C)c(=O)c1O,7.16
CHEMBL506797,C=C(CC[C@@H](C)[C@H]1CC=C2C3=C([C@@H](O)[C@H](OC(C)=O)[C@@]21C)[C@@]1(C)C[C@@H](O)[C@H](OC(=O)CCC(=O)O)C(C)(C)[C@@H]1CC3)C(C)C,5.16
CHEMBL3310097,COCCNC(=O)c1c(O)c2ncc(Cc3ccc(F)cc3)cc2n(CC(=O)NC2CC2)c1=O,8.14
CHEMBL401049,Oc1ccc(Br)cc1/C=N/Nc1nc2nonc2nc1Nc1ccc(F)cc1,4.88
CHEMBL555736,COc1c2c(c(O)c3c1C(=O)c1c(cc(O)c(C)c1O)C3=O)-c1c(cc(/C=N/Nc3ccc([N+](=O)[O-])cc3)c(C(=O)O)c1O)CC2,5.66
CHEMBL149305,O=C(/C=C\c1ccc(O)c(O)c1)OC1CCCCC1OC(=O)/C=C\c1ccc(O)c(O)c1,5.08
CHEMBL246774,CNC(=O)c1cc(F)ccc1CNC(=O)c1ncc2cccnc2c1O,7.29
CHEMBL363170,O=C(O)C(=O)/C=C(\O)c1cn(Cc2ccc(F)cc2)c2ccc(Cl)cc12,8
CHEMBL301161,CCOC(=O)C(=O)CC(=O)/C=C/c1cccn1Cc1ccc(C)cc1,4.1
CHEMBL427015,O=C(/N=N/c1c(O)[nH]c2ccc(F)cc12)/C(=C/C=C/c1ccccc1)NC(=O)c1ccccc1,4.32
CHEMBL3360121,Cn1c(C2CCOC2)nc(C(=O)NCc2ccc(F)cc2-n2cncn2)c(O)c1=O,8.4
CHEMBL458279,O=C(O)c1cn(CCO)c2ccc(Cc3ccc(Cl)cc3Cl)cc2c1=O,7.16
CHEMBL262067,Cc1noc(-c2cc(F)ccc2CNC(=O)c2nc(C(C)(C)C)nc(O)c2O)n1,7.7
CHEMBL572448,CN(C)C(=O)C(=O)N(C)c1cc(C(=O)NCc2ccc(F)cc2)c(O)c2ncccc12,7.4
CHEMBL3348567,O=C(O)c1ccc2[nH]cc(C(=O)CC(=O)c3nnn[nH]3)c2c1,4.4
CHEMBL456482,COc1ccc(C(=O)C2NS(=O)(=O)c3cc(C)c(Cl)cc3S2)cc1,4.595
CHEMBL2370434,NCCCC[C@H](NC(=O)[C@H](CSSC[C@H](NC(=O)[C@@H](N)Cc1c[nH]cn1)C(=O)N[C@@H](CCCCN)C(=O)N[C@@H](Cc1ccccc1)C(=O)N[C@@H](Cc1c[nH]c2ccccc12)C(=O)N[C@@H](Cc1c[nH]c2ccccc12)C(N)=O)NC(=O)[C@@H](N)Cc1c[nH]cn1)C(=O)N[C@@H](Cc1ccccc1)C(=O)N[C@@H](Cc1c[nH]c2ccccc12)C(=O)N[C@@H](Cc1c[nH]c2ccccc12)C(N)=O,4.165
CHEMBL1213723,COc1cccc2c1c(C(=O)/C=C(\O)C(=O)O)cn2Cc1cccc(Cl)c1,7.52
CHEMBL1682063,Cc1cc(C(=O)O)c(O)c(C(=O)/C=C/c2c(Cl)ccc(Cl)c2Cl)c1,4.3
CHEMBL358821,O=C(/C=C/c1ccc(O)c(O)c1)O[C@H]1C(O)C[C@](O)(C(=O)O)C[C@H]1OC(=O)/C=C/c1ccc(O)c(O)c1,5.85
CHEMBL1229211,C[C@@H]1CCO[C@H]2Cn3cc(C(=O)NCc4ccc(F)cc4F)c(=O)c(O)c3C(=O)N21,8.3075
CHEMBL127330,O=C(Nc1ccccc1)c1cc(S(=O)(=O)Nc2nncn2-c2ccc(Cl)cc2)c(S)cc1Cl,5.07
CHEMBL1773415,CC1CCN(S(=O)(=O)c2cn(Cc3ccc(F)cc3)c3cnc4c(c23)CCN(O)C4=O)CC1,7.44
CHEMBL4281951,O=c1cc(Sc2ccc(F)cc2)[nH]c(=O)n1O,5.17
CHEMBL365182,O=C(Nc1ccc(Cc2ccc(NC(=O)c3cccc([N+](=O)[O-])c3)c(C(=O)O)c2)cc1C(=O)O)c1cccc([N+](=O)[O-])c1,4.855
CHEMBL438113,COc1cccc(CNC(=O)c2nc(-c3cccs3)nc(O)c2O)c1,7.3
CHEMBL3259899,Cc1nc2cc(F)ccc2c(-c2ccc(Cl)cc2)c1[C@H](OC(C)(C)C)C(=O)O,7.17
CHEMBL338144,Cc1ccc(Nc2nc(NS(=O)(=O)c3cc(C)c(Cl)cc3S)n(C)n2)cc1,4.675
CHEMBL241397,O=C(O)c1cc(-c2ccc(/C=N/Nc3nc4nonc4nc3Nc3ccccc3F)o2)ccc1Cl,5.28
CHEMBL262114,O=c1c(C(c2ccc(O)cc2)c2c(O)oc3ccccc3c2=O)c(O)oc2ccccc12,4.125
CHEMBL49387,CCOC(=O)C(=O)CC(=O)/C=C/c1cccn1Cc1ccc([N+](=O)[O-])cc1,4.295
CHEMBL456337,O=C1Cc2ccc(-c3ccc(O)cc3)cc2C(=O)N1O,5.27
CHEMBL116438,COc1cc(/C=C/C(=O)/C=C(O)/C=C/c2ccc(O)c(OC)c2)ccc1O,4.433333333
CHEMBL189718,Cn1c(/C(O)=C/C(=O)C(=O)O)cc2cc3c(cc21)OCO3,5.33
CHEMBL1914556,Cn1c(=O)c(C(=O)NCc2ccc(F)cc2)c(O)c2ncc(Cc3ccc(F)cc3)cc21,7.77
CHEMBL3287917,Cc1nc(-c2cccc(-c3cnn(C)c3)c2)c(C)c(-c2ccc3c(c2)CCCO3)c1[C@H](OC(C)(C)C)C(=O)O,7.23
CHEMBL1258840,N#Cc1c[nH]n2c(=O)c(O)c(C(=O)NCc3ccc(F)cc3)nc12,4.87
CHEMBL57138,COc1ccc(-c2c3n(c4c(=O)oc5cc(O)c(OC)cc5c24)CCc2c-3cc(OC)c(OC)c2OC)cc1O,4.595
CHEMBL131733,O=C(/C=C/c1cc(O)c(O)c(O)c1)OCCc1ccccc1,5.7
CHEMBL216874,O=C(NCc1ccc(F)cc1)c1nc(-c2cccs2)nc(O)c1O,8
CHEMBL560002,CC(=O)Oc1cc(C(=O)Nc2ccc(S(=O)(=O)Nc3ccccc3)cc2)cc(OC(C)=O)c1OC(C)=O,5.45
CHEMBL2206768,O=C1c2c(O)c(O)cc(S(=O)(=O)N3CCOCC3)c2CN1Cc1ccc(F)c(Cl)c1,7.33
CHEMBL368810,CCCCCc1cc(O)cc2c1Oc1cc(O)cc(C(=O)CCCC)c1C(=O)O2,4.39
CHEMBL554722,C[C@H](CO)n1cc(C(=O)O)c(=O)c2cc(Cc3cccc(Cl)c3F)ccc21,7.42
CHEMBL30868,O=C(/C=C/c1ccc(O)c(O)c1)OCC(OC(=O)/C=C/c1ccc(O)c(O)c1)C(=O)O,5.575
CHEMBL413479,CC(C)C[C@H](NC(=O)[C@H](C)NC(=O)[C@H](CC(C)C)NC(=O)[C@H](CC(C)C)NC(=O)[C@H](Cc1ccccc1)NC(=O)[C@H](Cc1ccc(O)cc1)NC(=O)[C@H](C)NC(=O)[C@@H](N)[C@@H](C)O)C(=O)N[C@@H](C)C(=O)NCC(=O)N[C@@H](CCCN=C(N)N)C(=O)N[C@@H](Cc1c[nH]c2ccccc12)C(=O)O,4.25
CHEMBL1223401,Cn1c([C@@H]2C[C@H](F)CN2Cc2ccon2)nc(C(=O)NCc2ccc(F)cc2)c(O)c1=O,8
CHEMBL370855,Cc1ccc(C(=O)C2=C(O)C(=O)N(CCCc3c[nH]cn3)C2c2ccc(Cl)cc2)cc1,4.1
CHEMBL64802,CCCCCCc1cc2c(cc1O)OC(=O)C(C(c1ccccc1)c1c(O)oc3cc(O)c(CCCCCC)cc3c1=O)C2O,4.95
CHEMBL408076,CNC(=O)c1cc(F)ccc1CNC(=O)c1nc(C(C)(C)C)nc(O)c1O,7.7
CHEMBL1258504,O=c1c(O)c(-c2ncc(Cc3ccc(F)cc3)[nH]2)nc2c(N3CCCS3(=O)=O)cc(N3CCOCC3)cn12,7.02
CHEMBL128856,Cc1cc(S(=O)(=O)Nc2nc3ccccc3nc2-c2cccc([N+](=O)[O-])c2)c(S)cc1Cl,4.96
CHEMBL1773316,N#Cc1c(Cn2ccc3c4c(ncc32)C(=O)N(O)CC4)ccc(F)c1Cl,7.77
CHEMBL558286,O=C(O)c1cn(CCCO)c2ccc(Cc3cccc(Cl)c3Cl)cc2c1=O,7.11
CHEMBL3360117,Cn1c(C2CCCCO2)nc(C(=O)NCc2ccc(F)cc2)c(O)c1=O,8
CHEMBL247570,CN(C)S(=O)(=O)c1cc(F)ccc1CNC(=O)c1nc(N2CCCCS2(=O)=O)c2cccnc2c1O,7.52
CHEMBL239177,CCn1cc(C(=O)O)c(=O)c2cc(F)c(N3CCN(CNC(=O)C4=C(O)[C@@H](N(C)C)[C@@H]5C[C@@H]6Cc7c(N(C)C)ccc(O)c7C(=O)C6=C(O)[C@]5(O)C4=O)C(C)C3)c(F)c21,4.725
CHEMBL1914562,O=C(NCc1ccc(F)cc1)c1c(O)c2ncc(Cc3ccc(F)cc3)cc2n(CCN2CCCC2=O)c1=O,7.85
CHEMBL259780,CC(C)(C)c1nc(O)c(O)c(C(=O)NCc2ccc(F)cc2)n1,8
CHEMBL428215,CN1CCOCC1c1nc(C(=O)NCCc2ccccc2)c(O)c(=O)n1C,7.15
CHEMBL3310085,CN(C)C(=O)Cn1c(=O)c(C(=O)NC2CC2)c(O)c2ncc(Cc3ccc(F)cc3)cc21,8.52
CHEMBL232227,O=C(Nc1csc2ccccc12)c1nc(-c2cccs2)nc(O)c1O,7.3
CHEMBL1682031,O=C(O)c1cc(Br)cc(C(=O)/C=C/c2c(Cl)ccc(Cl)c2Cl)c1O,5.02
CHEMBL2316124,Cn1c(=O)c(C(=O)NC2(CO)CCCC2)c(O)c2ncc(Cc3ccc(F)cc3)cc21,8.15
CHEMBL1258720,Cn1c2ccccc2n2c(=O)c(O)c(C(=O)NCc3ccc(F)cc3)nc12,4.69
CHEMBL1682053,CCOc1ccc2ccccc2c1/C=C/C(=O)c1cc(Br)cc(C(=O)O)c1O,4.236666667
CHEMBL176916,O=[N+]([O-])c1cc(-c2cc([N+](=O)[O-])c(O)c([N+](=O)[O-])c2)cc([N+](=O)[O-])c1O,4.2725
CHEMBL549831,Cn1nnc(CN2CCn3c(nc(C(=O)NCc4ccc(F)cc4)c(O)c3=O)C2(C)C)n1,8.22
CHEMBL363333,O=C(O)C(=O)/C=C(\O)c1cc2ccccc2n1Cc1ccccc1,4.7
CHEMBL2206760,CNS(=O)(=O)c1cc(O)c(O)c2c1CN(Cc1ccc(F)c(Cl)c1)C2=O,4.76
CHEMBL549750,N#Cc1cc2c(cc1Cc1cccc(Cl)c1Cl)c(=O)c(C(=O)O)cn2CCO,7.3
CHEMBL563963,CC1(C)NC(=O)n2c1nc(C(=O)NCc1ccc(F)cc1)c(O)c2=O,7.5
CHEMBL2316118,CC(C)(CO)CNC(=O)c1c(O)c2ncc(Cc3ccc(F)cc3)cc2[nH]c1=O,8.4
CHEMBL476357,CN1CC(c2nc(C(=O)NCc3ccc(F)cc3)c(O)c3ncccc23)CC1=O,7.7
CHEMBL505739,CN[C@@H](Cc1ccc(Oc2cc3cc(c2O)-c2cccc4c(c[nH]c24)C[C@@H](N)C(=O)N[C@H](c2cc(Cl)c(O)c(Cl)c2)C(=O)N[C@H]3C(=O)N[C@@H](C(=O)O)c2cc(Cl)c(O)c(Cl)c2)cc1)C(=O)O,4.885
CHEMBL425205,O=C(Nc1ccc(O)c(-c2nc3cc(Cl)ccc3o2)c1)c1cccnc1,4.605
CHEMBL198572,O=C(/C=C/c1ccc(-c2ccccc2[N+](=O)[O-])o1)Nc1ccc(O)c(-c2nc3ccccc3o2)c1,4.42
CHEMBL210234,CN(C(=O)C(=O)N1CCCCC1)c1nc(C(=O)NCc2ccc(F)cc2)c(O)c2ncccc12,8.15
CHEMBL3288270,CC(=O)Nc1ccc2c(c1)C(=O)N(O)C(=O)C2C(=O)NCc1ccc(F)cc1,7
CHEMBL243365,CN1CCN(S(=O)(=O)N(C)C)CC1c1nc(C(=O)NCc2ccc(F)cc2)c(O)c(=O)n1C,7.9
CHEMBL560185,CN1CCN(C(=O)CN2CCn3c(nc(C(=O)NCc4ccc(F)cc4)c(O)c3=O)C2(C)C)CC1,7.68
CHEMBL2311882,COCCN1C(=O)/C(=C\NNC(=O)c2cc(Cl)ccc2O)C(=O)NC1=S,4.075
CHEMBL456326,O=C(Cc1ccc(F)cc1)Nc1ccc2c(c1)C(=O)N(O)C(=O)C2,7.7
CHEMBL319244,O=C(/C=C/c1ccc(O)c(O)c1)OCCc1ccccc1,4.9225
CHEMBL340202,O=C(/C=C/c1ccc(O)cc1)c1cccc(C(=O)/C=C/c2ccc(O)cc2)c1,4.52
CHEMBL1770431,O=C(O)/C(O)=C/C(=O)c1cn(Cc2ccc(F)cc2)c2ccc(Br)cc2c1=O,7.52
CHEMBL3287913,Cc1ccc(-c2nc(C)c([C@H](OC(C)(C)C)C(=O)O)c(-c3ccc4c(c3)CCCO4)c2C)cc1,7.51
CHEMBL172888,Cc1nnc(NS(=O)(=O)c2ccc(C3SC(=S)NC3=O)cc2)s1,4.67
CHEMBL379664,O=C(O)c1cn(CCO)c2ccc(Cc3cccc(Cl)c3F)cc2c1=O,7.62
CHEMBL146179,O=C(/C=C/c1ccc(O)c(O)c1)Oc1cc(OC(=O)/C=C/c2ccc(O)c(O)c2)cc(C(=O)O)c1,5.16
CHEMBL368810,CCCCCc1cc(O)cc2c1Oc1cc(O)cc(C(=O)CCCC)c1C(=O)O2,4.39
CHEMBL129147,Cc1cc2nc3nc(N)nc(NS(=O)(=O)c4cc(C)c(Cl)cc4S)n3c2cc1C,5.253333333
CHEMBL2370429,NCCCC[C@H](NC(=O)[C@@H](CCSC[C@H](NC(=O)[C@@H](N)Cc1c[nH]cn1)C(=O)N[C@@H](CCCCN)C(=O)N[C@@H](Cc1ccccc1)C(=O)N[C@@H](Cc1c[nH]c2ccccc12)C(=O)N[C@@H](Cc1c[nH]c2ccccc12)C(N)=O)NC(=O)[C@@H](N)Cc1c[nH]cn1)C(=O)N[C@@H](Cc1ccccc1)C(=O)N[C@@H](Cc1c[nH]c2ccccc12)C(=O)N[C@@H](Cc1c[nH]c2ccccc12)C(N)=O,4.085
CHEMBL240752,NC(=O)NN=C1c2cc(S(=O)(=O)NCc3ccco3)ccc2-c2ccc(S(=O)(=O)NCc3ccco3)cc21,4.37
CHEMBL265159,CC[C@H](C)[C@H](NC(=O)[C@H](CO)NC(=O)[C@H](CCC(=O)O)NC(=O)[C@@H](NC(=O)[C@@H](NC(=O)[C@@H](NC(=O)[C@H](CCCCN)NC(=O)[C@H](CCC(N)=O)NC(=O)[C@@H](NC(=O)[C@H](C)NC(=O)[C@H](CCC(=O)O)NC(=O)[C@@H](NC(=O)[C@H](CC(C)C)NC(=O)[C@H](CCC(N)=O)NC(=O)[C@@H](N)CCCCN)[C@@H](C)O)C(C)C)[C@@H](C)CC)[C@@H](C)O)[C@@H](C)O)C(=O)N[C@H](C(=O)N[C@H](C(=O)N[C@@H](Cc1c[nH]c2ccccc12)C(=O)NCC(=O)N[C@@H](CCCCN)C(=O)O)[C@@H](C)CC)C(C)C,4.9275
CHEMBL564339,COc1c2c(c(O)c3c1C(=O)c1c(cc(O)c(C)c1O)C3=O)-c1c(cc3cnn(CC(=O)O)c(=O)c3c1O)CC2,5.33
CHEMBL3415846,N/C(=C\C(=O)c1cn(Cc2ccc(F)cc2)cc1-c1ccccc1)C(=O)O,7.37
CHEMBL418613,O=C(O)c1ccc2ccc(/C=C/c3ccc(O)cc3)nc2c1O,5.8
CHEMBL45578,CCOC(=O)C(=O)CC(=O)/C=C/c1cccn1Cc1ccc(F)cc1,4.03
CHEMBL216683,CN1CCOCC1c1nc(O)c(O)c(C(=O)NCc2ccc(F)cc2)n1,7.52
CHEMBL320261,O=C(O)C(=O)/C=C(\O)c1cc(OCc2ccccc2)cc(OCc2ccccc2)c1,7.115
CHEMBL253395,O=C1c2c(ccc(O)c2O)CN1/N=C/c1cccc(O)c1O,4.165
CHEMBL244754,CN1CCN(C)C(c2nc(C(=O)NCc3ccc(F)cc3)c(O)c(=O)n2C)C1,7
CHEMBL550220,COc1cc2c(cc1Cc1cccc(Cl)c1F)c(=O)c(C(=O)O)cn2[C@H](CO)C(C)(C)C,8.24
CHEMBL259125,CCOc1ccccc1CNC(=O)c1nc(C(C)(C)C)n(C)c(=O)c1O,7.7
CHEMBL3288281,O=C(NCc1ccc(F)cc1)C1C(=O)N(O)C(=O)c2cc(C(F)(F)F)ccc21,7.7
CHEMBL1256978,Cn1c(=O)c(C(=O)NCCO)c(O)c2ncc(Cc3ccc(F)cc3)cc21,7.968
CHEMBL1223472,Cn1c([C@@H]2C[C@H](F)CN2S(C)(=O)=O)nc(C(=O)NCc2ccc(F)cc2)c(O)c1=O,7.82
CHEMBL3238130,CC(=O)N1CCN(c2ccc3c(=O)c(C(=O)/C=C(\O)C(=O)O)cn(Cc4ccc(F)cc4)c3c2)CC1,7.1
CHEMBL241397,O=C(O)c1cc(-c2ccc(/C=N/Nc3nc4nonc4nc3Nc3ccccc3F)o2)ccc1Cl,5.28
CHEMBL4128924,O=C(NCc1ccc(F)cc1S(=O)(=O)N1CCOCC1)c1nc2n(c(=O)c1O)CCCC21CCCC1,8.11
CHEMBL1773319,O=C1c2ncc3c(c(CN4CCCCC4)cn3Cc3ccc(F)cc3)c2CCN1O,7.82
CHEMBL260913,Cn1c(C(C)(C)C)nc(C(=O)NCc2ccc(F)cc2C(=O)NCC(F)(F)F)c(O)c1=O,7.05
CHEMBL525898,COc1cccc2c1c(C(=O)/C=C(\O)C(=O)O)cn2Cc1cccc(F)c1,7.52
CHEMBL1773410,O=C1c2ncc3c(c(CCC(F)(F)F)cn3Cc3ccc(F)cc3)c2CCN1O,7.89
CHEMBL338228,Cc1ccc(-n2cnnc2NS(=O)(=O)c2cc(C(=O)Nc3ccc(Cl)cc3)c(Cl)cc2S)cc1,5.4
CHEMBL493335,CCNc1cccn2c(=O)c(O)c(C(=O)NCc3ccc(F)cc3)nc12,7.44
CHEMBL3259893,CO[C@H](C(=O)O)c1c(C)nc2ccc(Br)cc2c1-c1ccc(Cl)cc1,7.55
CHEMBL3288830,COC(=O)[C@H](C)Nc1c(C(=O)NCc2ccc(F)cc2F)c(=O)n(O)c2ncccc12,7.77
CHEMBL3360110,Cn1c(C2=CCOC2)nc(C(=O)NCc2ccc(F)cc2)c(O)c1=O,7.72
CHEMBL2407278,O=C(Nc1cccc(F)c1)C1C(=O)N(O)C(=O)c2ccccc21,8
CHEMBL460770,Cn1c(C(C)(C)NC(=O)c2cccnn2)nc(C(=O)NCc2ccc(F)cc2)c(O)c1=O,7.82
CHEMBL36070,O=C(c1cccc(Cc2ccccc2)c1)c1ncc2cccnc2c1O,7.4
CHEMBL3288825,CC(C)Nc1c(C(=O)NCc2ccc(F)cc2F)c(=O)n(O)c2ncccc12,7.8
CHEMBL265887,CC[C@H](C)[C@H](NC(=O)[C@H](CC(=O)O)NC(=O)[C@@H](NC(=O)[C@H](C)NC(=O)[C@@H](NC(=O)[C@@H](NC(=O)[C@H](CC(=O)O)NC(=O)[C@@H](NC(=O)[C@@H](NC(=O)[C@H](CCCN=C(N)N)NC(=O)[C@H](CCC(=O)O)NC(=O)CNC(=O)[C@H](C)N)[C@@H](C)CC)C(C)C)[C@@H](C)CC)[C@@H](C)CC)[C@@H](C)O)C(=O)N[C@@H](CCC(N)=O)C(N)=O,5.7
CHEMBL394786,CC(=O)N1CCN(C)C(c2nc(C(=O)NCc3ccc(F)cc3)c(O)c(=O)n2C)C1,7.86
CHEMBL212921,COc1c2c(c(O)c3ncccc13)C(=O)N(Cc1ccc(F)cc1)C2=O,7.1
CHEMBL1773323,O=C1c2ncc3c(c(COCCc4ccccn4)cn3Cc3ccc(F)cc3)c2CCN1O,7.92
CHEMBL558481,O=C(O)Cn1cc(C(=O)O)c(=O)c2cc(Cc3cccc(Cl)c3Cl)ccc21,7.5
CHEMBL243655,CN1CC[C@@H](OCc2ccccc2)C[C@H]1c1nc(C(=O)NCc2ccc(F)cc2)c(O)c(=O)n1C,7.21
CHEMBL129286,Cc1cc(S(=O)(=O)Nc2nnc3cc(C(F)(F)F)cc(C)n23)c(S)cc1Cl,4.845
CHEMBL1773406,O=C1c2ncc3c(c(CCCN4CCOCC4)cn3Cc3ccc(F)cc3)c2CCN1O,7.89
CHEMBL2407281,Cc1ccc(CNC(=O)C2C(=O)N(O)C(=O)c3ccccc32)cc1,7.1
CHEMBL172018,CC(=O)C1=C(NNC(=O)c2ccccn2)[C@@]2(C)C(=CC1=O)Oc1c(C(C)=O)c(O)c(C)c(O)c12,4.268
CHEMBL560769,O=C1c2ccc(O)c(O)c2C(=O)N1Cc1c(F)c(F)c(F)c(F)c1F,5.14
CHEMBL444733,Cc1cc2c(cc1Cl)SC(C(=O)c1ccccc1)NS2(=O)=O,4.8125
CHEMBL1685083,O=C(O)c1cc(Br)cc(C(=O)/C=C/c2cccc(Cl)c2Cl)c1O,4.56
CHEMBL559852,O=C1c2ccc(O)c(O)c2C(=O)N1Cc1cccc(F)c1F,4.62
CHEMBL128000,O=C(/C=C/c1ccc(O)c(O)c1)c1ccc(O)cc1O,4.7
CHEMBL150,O=c1c(O)c(-c2ccc(O)cc2)oc2cc(O)cc(O)c12,4.1
CHEMBL238633,O=C(/C=C/c1ccccc1OC(=O)c1cc2ccccc2oc1=O)c1ccccc1,4.04
CHEMBL260096,CCOc1cc(/C=C2\C(=O)N(c3nnn[nH]3)N=C2C)ccc1OC,7.175
CHEMBL180164,O=C(NCc1ccco1)c1cc(C(=O)NCc2ccco2)cc(C(=O)NCc2ccco2)c1,4.765
CHEMBL560387,C=C(CCc1ccc(C)cc1)C1=C(C)C(=C)C2CCC(CC#N)C(C)(C)C2=C1,8.3
CHEMBL1270700,COc1ccc(/C=C2\C(=O)N(c3cccc([N+](=O)[O-])c3)N=C2C(F)(F)F)cc1OCc1ccc(F)cc1,4.5
CHEMBL128856,Cc1cc(S(=O)(=O)Nc2nc3ccccc3nc2-c2cccc([N+](=O)[O-])c2)c(S)cc1Cl,4.96
CHEMBL559493,Cc1nc(C)c(C(=O)N2CCCCC2c2nc(C(=O)NCc3ccc(F)cc3)c(O)c(=O)[nH]2)s1,7.3
CHEMBL242137,CN1C[C@H](O)C[C@H]1c1nc(C(=O)NCc2ccc(F)cc2)c(O)c(=O)n1C,7
CHEMBL3582062,O=C(O)/C(O)=C/C(=O)c1cn(Cc2ccc(F)cc2F)c2ccccc2c1=O,8
CHEMBL4130252,CNC(=O)c1cc(F)ccc1CNC(=O)c1nc2n(c(=O)c1O)CCOC2(C)C,8.393333333
CHEMBL22197,O=C(O)C(=O)/C=C(\O)c1cccc(Br)c1,5.606666667
CHEMBL4126659,CN(C)S(=O)(=O)c1cc(F)ccc1CNC(=O)c1nc2n(c(=O)c1O)CCCC21CCCC1,8.103333333
CHEMBL188302,CCn1c(/C(O)=C/C(=O)C(=O)O)cc2ccccc21,5.3
CHEMBL204656,COc1cc2c(cc1Cc1cccc(Cl)c1F)c(=O)c(C(=O)O)cn2[C@H](CO)C(C)C,8.093913043
CHEMBL1773324,O=C1c2ncc3c(c(COCc4ccccn4)cn3Cc3ccc(F)cc3)c2CCN1O,7.96
CHEMBL437477,CC[C@H](C)[C@H](N)C(=O)N[C@@H](CC(C)C)C(=O)N1CCC[C@H]1C(=O)N[C@@H](Cc1c[nH]c2ccccc12)C(=O)NCC(=O)N[C@@H](Cc1c[nH]c2ccccc12)C(=O)N1CCC[C@H]1C(=O)N[C@@H](Cc1c[nH]c2ccccc12)C(=O)N[C@@H](Cc1c[nH]c2ccccc12)C(=O)N1CCC[C@H]1C(=O)N[C@@H](Cc1c[nH]c2ccccc12)C(=O)N[C@@H](CCCN=C(N)N)C(=O)N[C@@H](CCCN=C(N)N)C(N)=O,4.515
CHEMBL552176,Cc1cc(CN2CCn3c(nc(C(=O)NCc4ccc(F)cc4)c(O)c3=O)C2(C)C)on1,7.21
CHEMBL3805993,CCCCCCNC(=O)C1C(=O)N(O)C(=O)c2ccccc21,7.07
CHEMBL409315,O=C(O)CN1C(=O)/C(=C2\SC(=S)N(C(Cc3ccccc3)C(=O)O)C2=O)c2ccccc21,7.11
CHEMBL171637,CCCCCC(=O)Cc1cc(O)cc2c1C(=O)Oc1cc(O)c(C(=O)O)c(CCCCC)c1O2,4.473333333
CHEMBL551325,CC1(C)c2nc(C(=O)NCc3ccc(F)cc3)c(O)c(=O)n2CCN1CCc1ccccn1,7.92
CHEMBL511191,CCCCCn1c(=O)c(C(=O)O)c(O)c2cc(Cc3ccc(F)cc3)ccc21,4.67
CHEMBL260082,CC(C)NC(=O)c1cc(F)ccc1CNC(=O)c1nc(C(C)(C)C)n(C)c(=O)c1O,7.05
CHEMBL510239,O=C(O)/C(O)=C/C(=O)c1cccc(NC(=O)c2cccc(Cl)c2)c1,4.53
CHEMBL3087617,O=C(/C=C/c1cccn1Cc1ccc(F)cc1F)CC(=O)C(=O)O,7.38
CHEMBL180164,O=C(NCc1ccco1)c1cc(C(=O)NCc2ccco2)cc(C(=O)NCc2ccco2)c1,4.765
CHEMBL2316114,C[C@H](CO)NC(=O)c1c(O)c2ncc(Cc3ccc(F)cc3)cc2[nH]c1=O,8.3
CHEMBL1773312,O=C1c2ncc3c(ccn3Cc3ccc(F)cc3)c2CCN1O,8.54
CHEMBL455952,O=C(O)c1cc(-c2cccc(OCc3ccccc3)c2)[nH]n1,4
CHEMBL174366,O=C(NO)c1cc(O)c(O)c(O)c1,5.753333333
CHEMBL4126840,CN(C)S(=O)(=O)c1c(CNC(=O)c2nc3n(c(=O)c2O)CCOC3(C)C)ccc(F)c1F,8.146666667
CHEMBL2180481,Cc1nc2ccccc2c(-c2cc(F)c3c(c2C)CCCO3)c1[C@H](OC(C)(C)C)C(=O)O,7.72
CHEMBL3360111,Cn1c(C2CCOC2)nc(C(=O)NCc2ccc(F)cc2)c(O)c1=O,8.4
CHEMBL195455,COC(=O)C1=C(O)/C(=C\c2ccc(CNC(=O)C(=O)Nc3ccc(C)cc3)o2)N=C1C,4.09
CHEMBL1773407,CC(=O)N(C)CCCc1cn(Cc2ccc(F)cc2)c2cnc3c(c12)CCN(O)C3=O,7.85
CHEMBL3233902,Cc1cc(C)c(Cn2cc(C(=O)/C=C(\O)C(=O)O)c3cc(F)ccc32)c(C)c1,5.6
CHEMBL31044,O=C(/C=C/c1ccc(O)c(O)c1)NCCOC(=O)/C=C/c1ccc(O)c(O)c1,5.19
CHEMBL369379,O=C(O)c1cnc2c(ccc3ncc(C(=O)O)c(O)c32)c1O,5.152
CHEMBL368859,O=C1C(O)=C(c2ccccc2)C12CSC1(CS2)C(=O)C(O)=C1c1ccccc1,4.24
CHEMBL562360,CC(C)n1cc(C(=O)O)c(=O)c2cc(Cc3cccc(Cl)c3Cl)ccc21,7.585
CHEMBL561619,O=C(O)c1cn([C@H](CO)C2CCCCC2)c2ccc(Cc3cccc(Cl)c3F)cc2c1=O,8.25
CHEMBL3233898,O=C(O)/C(O)=C/C(=O)c1cn(Cc2ccc(C(F)(F)F)cc2)c2ccc(F)cc12,5.81
CHEMBL143614,O=C(O)C(=O)CC(=O)c1csc(Cc2ccccc2)c1,7
CHEMBL284384,O=c1c(C(c2ccc(/C=C/c3ccccc3)cc2)c2c(O)oc3ccccc3c2=O)c(O)oc2ccccc12,5.293333333
CHEMBL259336,CC(C)(C)c1nc(O)c(O)c(C(=O)NCc2ccc(F)cc2S(C)(=O)=O)n1,7.22
CHEMBL145,O=C(O)/C=C/c1ccc(O)c(O)c1,5.24
CHEMBL312008,CN(C)c1ccc(C(c2c(O)oc3ccccc3c2=O)c2c(O)oc3ccccc3c2=O)cc1,4.18
CHEMBL3310093,C[C@H](O)CNC(=O)c1c(O)c2ncc(Cc3ccc(F)cc3)cc2n(CC(=O)N(C)C)c1=O,8.39
CHEMBL152850,O=C1NNC(=O)c2ccccc2SSc2ccccc2C(=O)NNC(=O)c2ccccc2SSc2ccccc21,5.2175
CHEMBL434367,CC[C@H](C)[C@H](NC(=O)[C@H](C)NC(=O)[C@H](C)NC(=O)[C@H](Cc1c[nH]c2ccccc12)NC(=O)[C@H](Cc1c[nH]c2ccccc12)NC(=O)[C@H](CS)NC(=O)[C@H](C)N)C(=O)N[C@@H](CCCCN)C(=O)N[C@@H](CCC(N)=O)C(=O)N[C@@H](CCC(=O)O)C(=O)N[C@@H](Cc1ccccc1)C(=O)O,4.21
CHEMBL286494,Cc1cc(O)c2c(=O)c3c(O)cc(O)c4c5c(O)cc(O)c6c(=O)c7c(O)cc(C)c8c1c2c(c34)c(c78)c65,5
CHEMBL239176,CN(C)[C@@H]1C(O)=C(C(=O)NCN2CCN(c3cc4c(cc3F)c(=O)c(C(=O)O)cn4C3CC3)CC2)C(=O)[C@@]2(O)C(O)=C3C(=O)c4c(O)cccc4[C@@](C)(O)[C@H]3[C@H](O)[C@@H]12,4.595
CHEMBL550784,Cc1nc(CN2CCn3c(nc(C(=O)NCc4ccc(F)cc4)c(O)c3=O)C2(C)C)no1,8.22
CHEMBL3288265,O=C(NCc1ccccc1)c1c(O)n(O)c(=O)c2cc([N+](=O)[O-])ccc12,8
CHEMBL550080,CCC[C@@H](CO)n1cc(C(=O)O)c(=O)c2cc(Cc3cccc(Cl)c3F)c(OC)cc21,8.24
CHEMBL394353,CN1CCOCC1c1nc(C(=O)NCc2ccc(F)c(F)c2)c(O)c(=O)n1C,7.68
CHEMBL3287923,Cc1ccc(-c2nc(C)c([C@H](OC(C)(C)C)C(=O)O)c(-c3ccc4c(c3Cl)NCCO4)c2C)cc1C,7.55
CHEMBL492188,COCCNC(=O)c1c(O)c2ncc(Cc3ccc(F)cc3)cc2[nH]c1=O,8.3
CHEMBL394537,CN1CCN(C(=O)OC(C)(C)C)CC1c1nc(C(=O)NCc2ccc(F)cc2)c(O)c(=O)n1C,7.39
CHEMBL569375,O=C1c2ccc(O)c(O)c2C(=O)N1Cc1cccc(Br)c1,4.8
CHEMBL244520,CN1CC(F)(F)C[C@H]1c1nc(C(=O)NCc2ccc(F)cc2)c(O)c(=O)n1C,7.52
CHEMBL3310091,CN(C)C(=O)Cn1c(=O)c(C(=O)NC2(CO)CCCC2)c(O)c2ncc(Cc3ccc(F)cc3)cc21,7.64
CHEMBL377971,CC(C)C[C@H](NC(=O)[C@H](CCCCN)NC(=O)[C@H](CC(C)C)NC(=O)[C@H](CC(C)C)NC(=O)[C@H](Cc1ccccc1)NC(=O)[C@@H](N)Cc1ccc(O)cc1)C(N)=O,4.7
CHEMBL492667,CC(=O)NC(C)(C)c1nc(C(=O)NCc2ccc(F)cc2)c(O)c(=O)n1C,8.15
CHEMBL212982,CN(C)S(=O)(=O)Oc1c2c(c(O)c3nccnc13)C(=O)N(Cc1ccc(F)cc1)C2,7.48
CHEMBL2370429,NCCCC[C@H](NC(=O)[C@@H](CCSC[C@H](NC(=O)[C@@H](N)Cc1c[nH]cn1)C(=O)N[C@@H](CCCCN)C(=O)N[C@@H](Cc1ccccc1)C(=O)N[C@@H](Cc1c[nH]c2ccccc12)C(=O)N[C@@H](Cc1c[nH]c2ccccc12)C(N)=O)NC(=O)[C@@H](N)Cc1c[nH]cn1)C(=O)N[C@@H](Cc1ccccc1)C(=O)N[C@@H](Cc1c[nH]c2ccccc12)C(=O)N[C@@H](Cc1c[nH]c2ccccc12)C(N)=O,4.085
CHEMBL3310414,COCCNC(=O)c1c(O)c2ncc(Cc3ccc(F)cc3)cc2n(CC(=O)N2CCOCC2)c1=O,8.12
CHEMBL1088058,O=C(NCc1cc2ccccc2s1)c1nc(-c2cccs2)nc(O)c1O,8
CHEMBL157428,O=C(NNC(=O)c1ccccc1S)c1ccccc1S,4.885
CHEMBL1673089,O=C(O)/C(O)=C/C(=O)c1cn(Cc2ccccc2)c2ccccc12,5.63
CHEMBL1773313,O=C1c2ncc3c(ccn3Cc3ccc(F)cn3)c2CCN1O,7.5
CHEMBL1914555,CC(NC(=O)c1c(O)c2ncc(Cc3ccccc3)cc2[nH]c1=O)c1ccccc1,7.7
CHEMBL1682049,O=C(O)c1cc(Br)cc(C(=O)/C=C/c2cccc(Oc3ccc(Cl)cc3)c2)c1O,4.696666667
CHEMBL411299,CNC(=O)c1cc(F)ccc1CNC(=O)c1nc(C(C)(C)C)n(C)c(=O)c1O,7.7
CHEMBL1914560,CS(=O)(=O)c1ccc(Cn2c(=O)c(C(=O)NCc3ccc(F)cc3)c(O)c3ncc(Cc4ccccc4)cc32)cc1,7.55
CHEMBL4126686,Cc1cc(F)ccc1CNC(=O)c1nc2n(c(=O)c1O)CCOC2(C)C,8.19
CHEMBL457536,Cc1cc2c(cc1Cl)SC(C(=O)c1ccc(Cl)c(Cl)c1)NS2(=O)=O,4.85
CHEMBL240330,CCCn1c(=O)c(C(=O)NNC(=O)CC(=O)OCC)c(O)c2ccccc21,4.32
CHEMBL338373,Cc1cc(S(=O)(=O)Nc2nnc3c(Cl)cc(C(F)(F)F)cn23)c(S)cc1Cl,4.715
CHEMBL405927,N#Cc1c(-c2ccc(Cl)cc2)cc(-c2ccccc2)nc1SCC(=O)O,7.115
CHEMBL297923,COc1ccc(-c2c3n(c4c(=O)oc5cc(OS(=O)(=O)[O-])c(OC)cc5c24)C(O)Cc2c-3cc(OC)c(OC)c2OC)cc1O.[Na+],4.215
CHEMBL3310098,COCCNC(=O)c1c(O)c2ncc(Cc3ccc(F)cc3)cc2n(CC(=O)NC2CCC2)c1=O,8.07
CHEMBL370611,O=C(CC1Sc2ccccc2NC1=O)Nc1cccc(C(=O)O)c1,4.125
CHEMBL492682,CN1CCN(C(=O)C(=O)NC(C)(C)c2nc(C(=O)NCc3ccc(F)cc3)c(O)c(=O)n2C)CC1,7.58
CHEMBL307588,C=C(C=O)[C@@H]1C[C@@]2(C)C(=CC1=O)[C@H](OC(=O)/C(C)=C/C(C)CCCC)CC[C@@H]2C(=O)OP(=O)(OCC)OCC,4.09
CHEMBL476565,CC(C)N1CC(c2nc(C(=O)NCc3ccc(F)cc3)c(O)c3ncccc23)CC1=O,7.4
CHEMBL3287915,Cc1ccc(-c2nc(C)c([C@H](OC(C)(C)C)C(=O)O)c(-c3ccc4c(c3)CCCO4)c2C)cc1C,7.57
CHEMBL244236,Cc1cc(CNC(=O)c2nc(C3COCCN3C)n(C)c(=O)c2O)ccc1F,7.07
CHEMBL366712,C[C@@H](c1ccccc1)N1C(=O)c2c(c(O)c3nccnc3c2O)C1=O,5.69
CHEMBL3288268,COc1ccc(CNC(=O)c2c(O)n(O)c(=O)c3cc([N+](=O)[O-])ccc23)cc1,8
CHEMBL2206769,O=C(O)CNS(=O)(=O)c1cc(O)c(O)c2c1CN(Cc1ccc(F)c(Cl)c1)C2=O,7.1
CHEMBL495145,CCN(C(=O)c1cscn1)c1cccn2c(=O)c(O)c(C(=O)NCc3ccc(F)cc3)nc12,7.68
CHEMBL496412,O=C1NC(=S)NC(=O)C1=Cc1ccc(-c2ccc(C(=O)O)c(O)c2)o1,4.923333333
CHEMBL1682055,O=C(O)c1cc(Br)cc(C(=O)/C=C/c2ccc3sccc3c2)c1O,4.853333333
CHEMBL4127663,Cc1cc(CNC(=O)c2nc3n(c(=O)c2O)CCOC3(C)C)ccc1F,8.19
CHEMBL562741,COc1c2c(c(O)c3c1C(=O)c1c(cc(O)c(C)c1O)C3=O)-c1c(cc(/C=N/NC(=N)N)c(C(=O)O)c1O)CC2,5.5
CHEMBL464213,CCCCCn1c(=O)c(C(=O)Nc2cc([N+](=O)[O-])ccc2O)c(O)c2ccccc21,5.05
CHEMBL1914551,COc1ccc(CNC(=O)c2c(O)c3ncc(Cc4ccc(F)cc4)cc3[nH]c2=O)cc1,8.15
CHEMBL168284,COOC(=O)c1cc2ccc(O)c(O)c2cn1,4.85
CHEMBL4126165,Cc1cc(CNC(=O)c2nc3n(c(=O)c2O)CCCC32CCCC2)ccc1F,8.5
CHEMBL1914559,Nc1ccc(Cn2c(=O)c(C(=O)NCc3ccc(F)cc3)c(O)c3ncc(Cc4ccccc4)cc32)cc1,7.55
CHEMBL243151,CN1CCN(S(=O)(=O)c2ccccc2)CC1c1nc(C(=O)NCc2ccc(F)cc2)c(O)c(=O)n1C,8.15
CHEMBL2316116,CC(C)(CO)NC(=O)c1c(O)c2ncc(Cc3ccc(F)cc3)cc2[nH]c1=O,8.52
CHEMBL526099,Cc1c(-c2ccc(C=C3C(=O)NC(=S)NC3=O)o2)cccc1[N+](=O)[O-],4.31
CHEMBL105350,O=C(/C=C/c1ccc(O)cc1)CC(=O)/C=C/c1ccc(O)cc1,4.05
CHEMBL1773402,CC(C)OCCOCc1cn(Cc2ccc(F)cc2)c2cnc3c(c12)CCN(O)C3=O,7.77
CHEMBL517428,CN(C)C(=O)C(=O)NC(C)(C)c1nc(C(=O)NCc2ccc(F)cc2S(C)(=O)=O)c(O)c(=O)n1C,8.4
CHEMBL437239,CC[C@H](C)[C@H](NC(=O)CNC(=O)[C@H](CC(C)C)NC(=O)[C@H](C)NC(=O)[C@H](Cc1ccc(O)cc1)NC(=O)[C@H](CCC(N)=O)NC(=O)[C@H](CO)NC(=O)[C@H](CC(=O)O)NC(=O)[C@@H](NC(=O)[C@@H](NC(=O)[C@@H](NC(=O)[C@H](CC(N)=O)NC(=O)[C@@H](NC(=O)[C@H](CCC(=O)O)NC(=O)[C@H](CC(C)C)NC(=O)CNC(=O)[C@H](CO)NC(=O)[C@H](CC(=O)O)NC(=O)[C@H](CCC(N)=O)NC(=O)[C@@H](N)CC(C)C)C(C)C)[C@@H](C)CC)C(C)C)[C@@H](C)O)C(=O)O,4.991666667
CHEMBL525803,CN1C(=O)[C@@H](c2cc(Cl)c(O)c(Cl)c2)NC(=O)[C@@H]2NC(=O)[C@@H](c3cc(Cl)c(O)c(Cl)c3)NC(=O)[C@H](NC(=O)C(=O)c3cc(Cl)c(O)c(Cl)c3)Cc3c[nH]c4c(cccc34)-c3cc2cc(c3O)Oc2ccc(cc2)C[C@H]1C(=O)N[C@@H](C(=O)O)c1ccc(O)cc1,5.3
CHEMBL3582072,O=C(O)/C(O)=C/C(=O)c1cn(Cc2ccc(F)c(Cl)c2)c2c(Cl)cccc2c1=O,7.02
CHEMBL563898,CC(=O)N1CCCCC1c1nc(C(=O)NCc2ccc(F)cc2)c(O)c(=O)[nH]1,7.7
CHEMBL29831,CC(=O)Oc1ccc(/C=C/C(=O)NCC(NC(=O)/C=C/c2ccc(OC(C)=O)c(OC(C)=O)c2)C(=O)O)cc1OC(C)=O,5.39
CHEMBL157428,O=C(NNC(=O)c1ccccc1S)c1ccccc1S,4.885
CHEMBL492543,CCN(C(=O)C(=O)N1CCN(C)CC1)c1cccn2c(=O)c(O)c(C(=O)NCc3ccc(F)cc3)nc12,7.68
CHEMBL55906,Nc1ncnc2c1ccc1ncn(C3COC(COP(=O)([O-])[O-])C3)c12.[Na+].[Na+],4.2
CHEMBL133714,O=C(/C=C/c1ccc(O)c(O)c1)OCc1ccccc1,5.05
CHEMBL49473,CCOC(=O)C(=O)CC(=O)/C=C/c1cccn1Cc1ccc(OC)cc1,4.36
CHEMBL492537,CN(C)C(=O)C(=O)N(C)c1cccn2c(=O)c(O)c(C(=O)NCc3ccc(F)cc3)nc12,7.58
CHEMBL374671,CC(C)C[C@H](NC(=O)[C@H](CCCN=C(N)N)NC(=O)CNC(=O)[C@H](C)NC(=O)[C@H](CC(C)C)NC(=O)[C@H](CCCCN)NC(=O)[C@H](CC(C)C)NC(=O)[C@H](CC(C)C)NC(=O)[C@H](Cc1ccccc1)NC(=O)[C@H](Cc1ccc(O)cc1)NC(=O)[C@H](C)NC(=O)[C@@H](N)[C@@H](C)O)C(N)=O,4.42
CHEMBL437361,C[C@H](NC(=O)c1nc(-c2cccs2)nc(O)c1O)c1ccc2ccccc2c1,7.4
CHEMBL521793,CNC(=O)c1c(O)c2ncc(Cc3ccc(F)cc3)cc2[nH]c1=O,8.22
CHEMBL309934,CC(=O)Nc1ccc(C(C2=C(O)C(=O)c3ccccc3C2=O)C2=C(O)C(=O)c3ccccc3C2=O)cc1,4.09
CHEMBL524164,Cn1c(C(C)(C)NS(C)(=O)=O)nc(C(=O)NCc2ccc(F)cc2)c(O)c1=O,8.1
CHEMBL3288817,O=C(NCc1ccc(F)cc1F)c1c(Nc2ccccc2)c2cccnc2n(O)c1=O,7.75
CHEMBL394249,COc1cccc([C@@H]2CC(=O)C[C@H](c3ccco3)C23C(=O)OC(C)(C)OC3=O)c1OC,4.355
CHEMBL406929,CCOC(=O)/C(O)=C/C(=O)c1cn(Cc2ccc(F)cc2)c2ccc(OC)cc12,5.23
CHEMBL3360131,Cn1c(C2CCOCC2)nc(C(=O)NCc2ccc(F)cc2N2CCCCS2(=O)=O)c(O)c1=O,7.96
CHEMBL420026,O=C(/C=C(\O)c1ccccc1)c1ccc2ccc(C(=O)O)c(O)c2n1,4.52
CHEMBL240481,CCOC(=O)c1cn2c(c1O)C(=O)N(Cc1ccc(F)c(Cl)c1)CC2,7.7
CHEMBL151,O=c1cc(-c2ccc(O)c(O)c2)oc2cc(O)cc(O)c12,4.71
CHEMBL2316121,C[C@H](CO)NC(=O)c1c(O)c2ncc(Cc3ccc(F)cc3)cc2n(C)c1=O,8.1
CHEMBL563162,NC(=O)Cn1cc(C(=O)O)c(=O)c2cc(Cc3cccc(Cl)c3Cl)ccc21,7.46
CHEMBL250367,COc1ccccc1-n1c(SCC(=O)NNC(=O)c2ccccc2O)nnc1-c1ccccc1O,5.16
CHEMBL242926,CN(C)CC(=O)N1CCN(C)C(c2nc(C(=O)NCc3ccc(F)cc3)c(O)c(=O)n2C)C1,8.4
CHEMBL432793,O=C(O)C(=O)/C=C(\O)c1cc(/C(O)=C/C(=O)C(=O)O)c2ccccc2n1,4.64
CHEMBL559306,CN1CCn2c(nc(C(=O)NCc3ccc(F)cc3)c(O)c2=O)C1(C)C,8.22
CHEMBL518478,Cc1cc(S(=O)(=O)Nc2nc3sc(C)c(C)c3c(=O)n2N)c(S)cc1Cl,4.335
CHEMBL2316112,O=C(NC1CCS(=O)(=O)CC1)c1c(O)c2ncc(Cc3ccc(F)cc3)cc2[nH]c1=O,8.05
CHEMBL18266,O=C(CCc1ccc(O)c(O)c1)NCCc1ccc(O)c(O)c1,5
CHEMBL103410,COc1cc(/C=C/C(=O)CC(=O)/C=C/c2ccc(O)c(O)c2)ccc1O,4.9
CHEMBL368859,O=C1C(O)=C(c2ccccc2)C12CSC1(CS2)C(=O)C(O)=C1c1ccccc1,4.24
CHEMBL272419,O=C(O)C(O)C(O)c1nc2cc3ccccc3cc2[nH]1,7.34
CHEMBL2311873,O=C(N/N=C/c1cc(Br)ccc1O)C1=NNC2CCCCC12,4.68
CHEMBL558287,O=C(O)c1cn(CCO)c2ccc(Cc3cccc(Cl)c3Cl)c(F)c2c1=O,7.08
CHEMBL1258050,O=c1c(O)c(-c2ncc(Cc3ccc(F)cc3)[nH]2)nc2ccc(N3CCOCC3)cn12,7.35
CHEMBL565220,CC1(c2nc(C(=O)NCc3ccc(F)cc3)c(O)c(=O)[nH]2)CCCCN1,7.7
CHEMBL177451,CN1C(=O)c2c(c(O)c3nccnc3c2O)C1=O,4.31
CHEMBL132166,Cc1cc(S(=O)(=O)Nc2nc(N)nc(N(C)C)n2)c(S)cc1Cl,4.245
CHEMBL254316,Cc1nnc(C(=O)NC(C)(C)c2nc(C(=O)NCc3ccc(F)cc3)c(O)c(=O)n2C)o1,7.933928571
CHEMBL552065,CC1(C)NC(=O)Cn2c1nc(C(=O)NCc1ccc(F)cc1)c(O)c2=O,8.3
CHEMBL549592,CC(=O)N1CCN(C)C(C)(c2nc(C(=O)NCc3ccc(F)cc3)c(O)c(=O)n2C)C1,8.4
CHEMBL260960,COc1cccc(NC(=O)c2sc3[nH]c(=O)c(C(=O)O)cc3c2N)c1,7.23
CHEMBL239413,CCOC(=O)c1cn2c(c1O)C(=O)N(Cc1ccc(F)cc1)CC2,7.4
CHEMBL232629,Cc1cccc(CNC(=O)c2nc(-c3cccs3)nc(O)c2O)c1,7.4
CHEMBL3360130,CN(C)S(=O)(=O)c1cc(F)ccc1CNC(=O)c1nc(C2CCOCC2)n(C)c(=O)c1O,7.92
CHEMBL4126289,CC1(C)OCCn2c1nc(C(=O)NCc1ccc(F)cc1)c(O)c2=O,8.1475
CHEMBL335480,Cc1cc(S(=O)(=O)/N=C(\NN)NNc2cccc(C(F)(F)F)n2)c(S)cc1Cl,4.03
CHEMBL1082256,CC[C@H](C)[C@H](NC(=O)[C@H](CCCNC(=N)N)NC(=O)[C@H](Cc1ccccc1)NC(=O)[C@H](Cc1cnc[nH]1)NC(=O)[C@@H](NC(=O)[C@H](Cc1ccccc1)NC(=O)[C@H](CC(C)C)NC(=O)[C@H](CC(C)C)NC(=O)[C@H](CCC(N)=O)NC(=O)[C@H](CCC(N)=O)NC(=O)[C@H](CC(C)C)NC(C)=O)[C@@H](C)CC)C(=O)NCC(=O)N[C@@H](CCCNC(=N)N)C(=O)N[C@@H](CCCNC(=N)N)C(=O)N[C@@H](CCCNC(=N)N)C(=O)N[C@@H](CCCNC(=N)N)C(=O)N[C@@H](CCCNC(=N)N)C(=O)N[C@@H](CCCNC(=N)N)C(=O)N[C@@H](CCCNC(=N)N)C(=O)N[C@@H](CCCNC(=N)N)C(N)=O,8.25
CHEMBL2311585,C[C@H](O)CNC(=O)c1c(O)c2ncc(Cc3ccc(F)cc3)cc2[nH]c1=O,8.52
CHEMBL498202,COc1cccc2c1c(C(=O)/C=C(\O)C(=O)O)cn2Cc1cc(F)c(F)c(F)c1,7.11
CHEMBL560251,Cn1nncc1CN1CCn2c(nc(C(=O)NCc3ccc(F)cc3)c(O)c2=O)C1(C)C,8.22
CHEMBL2316132,O=C(NCCO)c1c(O)c2ncc(Cc3ccc(F)cc3)cc2[nH]c1=O,8.3
CHEMBL459890,Cc1cc(S(=O)(=O)Nc2nc3cc(-c4ccc(Cl)cc4)sc3c(=O)n2Cc2ccccc2)c(S)cc1Cl,5.31
CHEMBL430168,CCOc1ccc(C(=O)C2=C(O)C(=O)N(c3nccs3)C2c2ccc(O)c(OC)c2)cc1,4.38
CHEMBL223909,O=C(O)c1ccc(/C=C/S(=O)(=O)CS(=O)(=O)/C=C/c2ccc(C(=O)O)cc2)cc1,4.48
CHEMBL3310094,CN(C)C(=O)Cn1c(=O)c(C(=O)NCCN2CCOCC2)c(O)c2ncc(Cc3ccc(F)cc3)cc21,8.07
CHEMBL209307,CN(C(=O)C(=O)N1CCCC1)c1nc(C(=O)NCc2ccc(F)cc2)c(O)c2ncccc12,7.4
CHEMBL480531,O=C(NCc1ccc(F)cc1)C1=C(O)C(=O)N(Cc2ccccn2)C1,7.03
CHEMBL424924,CC(C)C[C@H](NC(=O)[C@H](CCCCN)NC(=O)[C@H](CC(C)C)NC(=O)[C@H](CC(C)C)NC(=O)[C@H](Cc1ccccc1)NC(=O)[C@H](Cc1ccc(O)cc1)NC(=O)[C@H](C)NC(=O)[C@@H](N)[C@@H](C)O)C(=O)N[C@@H](C)C(=O)N[C@@H](C)C(=O)N[C@@H](CCCN=C(N)N)C(=O)N[C@@H](Cc1c[nH]c2ccccc12)C(=O)O,4.72
CHEMBL3238124,CCOC(=O)/C(O)=C/C(=O)c1cn(Cc2ccc(F)cc2)c2cc(N3CCOCC3)ccc2c1=O,5.68
CHEMBL559494,CN1CCN(C(=O)c2cnccn2)C(c2nc(C(=O)NCc3ccc(F)cc3)c(O)c(=O)[nH]2)C1,7.22
CHEMBL557480,Cn1cc(C(=O)O)c(=O)c2cc(Cc3ccccc3)ccc21,5.64
CHEMBL1223983,COc1ccc2c(c1)C(=O)C(O)=C(C1=C(C3=C(O)C(=O)c4cc(OC)ccc4C3=O)C(=O)c3ccccc3C1=O)C2=O,4.825
CHEMBL58057,Oc1ccc(/C=C/c2ccc3cccc(O)c3n2)cc1O,5.293333333
CHEMBL4462312,O=C(NNC(=O)c1cc2ccccc2oc1=O)c1ccccc1O,7.16
CHEMBL3288833,COC(=O)[C@H](Nc1c(C(=O)NCc2ccc(F)cc2F)c(=O)n(O)c2ncccc12)c1ccccc1,8.09
CHEMBL128868,Cc1cc(S(=O)(=O)Nc2nc(Nc3ccccc3)nn2C)c(S)cc1Cl,4.68
CHEMBL556642,CCCCc1ccc(NS(=O)(=O)c2ccc(NC(=O)c3cc(O)c(O)c(O)c3)cc2)cc1,5.56
CHEMBL260619,CCOC(=O)/C(O)=C/C(=O)c1cn(Cc2ccc(F)cc2)c2cc(OC)ccc12,5.67
CHEMBL552100,COc1c2c(c(O)c3c1C(=O)c1c(cc(O)c(C)c1O)C3=O)-c1c(cc3cn[nH]c(=O)c3c1O)CC2,5.39
CHEMBL239483,Cc1cc(C)cc(OCC(=O)NNC(=O)c2cc3ccccc3oc2=O)c1,4.135
CHEMBL3125981,O=C(NCc1ccc(F)cc1F)c1cc2cccnc2n(O)c1=O,7.39
CHEMBL3259897,Cc1ccc2nc(C)c([C@H](OC(C)(C)C)C(=O)O)c(-c3ccc(Cl)cc3)c2c1,7.32
CHEMBL1813382,O=C(NO)c1cc(OCc2ccc(F)cc2)ccc1O,4.07
CHEMBL250574,O=C(CSc1nnc(-c2ccccc2)n1Cc1ccccc1)NNC(=O)c1ccccc1O,4.865
CHEMBL575207,CC(=O)N(C)CCNc1cc(C(=O)NCc2ccc(F)cc2)c(O)c2ncccc12,7.52
CHEMBL1813493,O=C(NCc1ccc2[nH]ccc2c1)c1cccc(O)c1O,4.62
CHEMBL108511,O=C(O)C(=O)/C=C(\O)c1cccc(/C(O)=C/C(=O)C(=O)O)c1,5.533333333
CHEMBL371917,CC(=O)c1cc(C(=O)CC(=O)Nc2ccc([N+](=O)[O-])cc2)sc1Nc1ccccc1,4.325
CHEMBL457536,Cc1cc2c(cc1Cl)SC(C(=O)c1ccc(Cl)c(Cl)c1)NS2(=O)=O,4.85
CHEMBL394781,CCNC(=O)N1CCN(C)C(c2nc(C(=O)NCc3ccc(F)cc3)c(O)c(=O)n2C)C1,7.28
CHEMBL559903,O=C(O)c1cn(CCO)c2cc(Cl)c(Cc3cccc(Cl)c3Cl)cc2c1=O,7.37
CHEMBL460771,Cn1c(C(C)(C)NC(=O)c2cnco2)nc(C(=O)NCc2ccc(F)cc2)c(O)c1=O,8.15
CHEMBL16326,O=C(O)C(=O)/C=C(\O)c1ccccc1,4.365
CHEMBL3310081,CNC(=O)c1c(O)c2ncc(Cc3ccc(F)cc3)cc2n(CC(=O)NCC(F)(F)F)c1=O,8.15
CHEMBL1214417,CCOC(=O)/C(O)=C/C(=O)c1cn(Cc2ccccc2Cl)c2cccc(OC)c12,4.88
CHEMBL490208,COc1ccc(Br)cc1/C=C/C(=O)c1c(O)cc(/C=C/c2ccc(N(C)C)cc2)oc1=O,4
CHEMBL497661,CCn1cc(C(=O)O)c(=O)c2c1C(=O)C=C(Sc1ccccc1)C2=O,5.57
CHEMBL377501,O=C(O)C(=O)/C=C(\O)c1ccc2c(c1)c(=O)c(/C(O)=C/C(=O)C(=O)O)cn2Cc1ccc(F)cc1,7.83
CHEMBL382965,CN1C(=O)CC(c2nc(C(=O)NCc3ccc(F)cc3)c(O)c3ncccc23)NC1=O,7.89
CHEMBL388908,CN1C[C@@H](F)C[C@H]1c1nc(C(=O)NCc2ccc(F)cc2)c(O)c(=O)n1C,7.67
CHEMBL2315830,Cn1c(=O)c(C(=O)NCCN2CCNC2=O)c(O)c2ncc(Cc3ccc(F)cc3)cc21,8.3
CHEMBL84340,O=c1c(C(c2ccccn2)c2c(O)oc3cc(O)ccc3c2=O)c(O)oc2cc(O)ccc12,4.186666667
CHEMBL210996,O=C(/C=C(\O)C(=O)O)CCc1ccccc1,4.52
CHEMBL495144,CCN(C(=O)c1nnc(C)o1)c1cccn2c(=O)c(O)c(C(=O)NCc3ccc(F)cc3)nc12,7.3
CHEMBL1223980,CC1(C)C=Cc2c(ccc3c2C(=O)C(O)=C(C2=C(C4=C(O)C(=O)c5c(ccc6c5C=CC(C)(C)O6)C4=O)C(=O)c4c(ccc5c4CCC(C)(C)O5)C2=O)C3=O)O1,5.485
CHEMBL129287,Cc1cc2c(cc1Cl)SC(C1C(=O)NC(=S)NC1=O)NS2(=O)=O,4.26
CHEMBL468233,COc1cccc(C(=O)CC(=O)C(=O)NC2CCC(NC(=O)C(=O)CC(=O)c3cccc(OC)c3)CC2)c1,4.58
CHEMBL1213788,COc1cccc2c1c(C(=O)/C=C(\O)C(=O)O)cn2Cc1cccc(Cl)c1F,7.52
CHEMBL30455,CC(=O)Oc1ccc(/C=C/C(=O)O[C@H](C(=O)O)[C@H](OC(=O)/C=C/c2ccc(OC(C)=O)c(OC(C)=O)c2)C(=O)O)cc1OC(C)=O,4.91
CHEMBL550691,Cn1cc(C(=O)O)c(=O)c2cc(Cc3cccc(Cl)c3Cl)ccc21,7.08
CHEMBL157373,O=C(NNC(=O)c1ccccc1SSc1ccccc1C(=O)NNC(=O)c1ccccc1S)c1ccccc1S,5.03875
CHEMBL437239,CC[C@H](C)[C@H](NC(=O)CNC(=O)[C@H](CC(C)C)NC(=O)[C@H](C)NC(=O)[C@H](Cc1ccc(O)cc1)NC(=O)[C@H](CCC(N)=O)NC(=O)[C@H](CO)NC(=O)[C@H](CC(=O)O)NC(=O)[C@@H](NC(=O)[C@@H](NC(=O)[C@@H](NC(=O)[C@H](CC(N)=O)NC(=O)[C@@H](NC(=O)[C@H](CCC(=O)O)NC(=O)[C@H](CC(C)C)NC(=O)CNC(=O)[C@H](CO)NC(=O)[C@H](CC(=O)O)NC(=O)[C@H](CCC(N)=O)NC(=O)[C@@H](N)CC(C)C)C(C)C)[C@@H](C)CC)C(C)C)[C@@H](C)O)C(=O)O,4.991666667
CHEMBL551401,CCN(CC)CCN1CCn2c(nc(C(=O)NCc3ccc(F)cc3)c(O)c2=O)C1(C)C,7.12
CHEMBL412938,CC(C)C[C@H](NC(=O)[C@H](CCCCN)NC(=O)[C@H](CC(C)C)NC(=O)[C@H](CC(C)C)NC(=O)[C@H](Cc1ccccc1)NC(=O)[C@H](Cc1ccc(O)cc1)NC(=O)[C@H](C)NC(=O)[C@H](C)N)C(=O)N[C@@H](C)C(=O)NCC(=O)N[C@@H](CCCN=C(N)N)C(=O)N[C@@H](Cc1c[nH]c2ccccc12)C(=O)O,4.165
CHEMBL3582070,O=C(O)/C(O)=C/C(=O)c1cn(Cc2cccc(Cl)c2F)c2ccccc2c1=O,7.75
CHEMBL3309906,CCN(CC)C(=O)Cn1c(=O)c(C(=O)NC)c(O)c2ncc(Cc3ccc(F)cc3)cc21,8.36
CHEMBL561100,O=C(O)CCn1cc(C(=O)O)c(=O)c2cc(Cc3cccc(Cl)c3Cl)ccc21,7.42
CHEMBL176570,COc1cc(C(=O)O)c2c(c1C)OC(=O)c1c(C)cc(O)c(C=O)c1O2,4.945
CHEMBL247960,COc1ccc([C@@H]2CC(=O)C[C@H](c3ccco3)C23C(=O)OC(C)(C)OC3=O)cc1OC,4.04
CHEMBL2171671,O=C(O)c1[nH]cc(C(=O)NCc2ccc(F)cc2)c(=O)c1O,8
CHEMBL64213,O=c1c(C(c2ccc3c(c2)OCO3)c2c(O)oc3ccccc3c2=O)c(O)oc2ccccc12,4.54
CHEMBL349452,CC(=O)Oc1cc(OC(C)=O)c2c(OC(C)=O)c3c(cc2c1-c1c(OC(C)=O)cc(OC(C)=O)c2c(OC(C)=O)c4c(cc12)OC(C)C(C)C4=O)OC(C)C(C)C3=O,4.3
CHEMBL129598,Cc1cc(S(=O)(=O)Nc2nnc3cnc4ccccc4n23)c(S)cc1Cl,4.79
CHEMBL1682041,O=C(O)c1cc(F)cc(C(=O)/C=C/c2cccc(Cl)c2Cl)c1O,4.433333333
CHEMBL430776,COc1ccc(-c2c3c4cc(OC)c(OS(=O)(=O)[O-])cc4oc(=O)c3n3ccc4cc(OC)c(OC)cc4c23)cc1O.[Na+],4.73
CHEMBL461406,Cn1c(C(C)(C)NC(=O)c2ccccn2)nc(C(=O)NCc2ccc(F)cc2)c(O)c1=O,7.7
CHEMBL3288263,O=C(Cc1cccs1)Nc1ccc2c(c1)C(=O)N(O)C(=O)C2C(=O)NCc1ccc(F)cc1,7.22
CHEMBL495332,COC(=O)C(=O)NC(C)(C)c1nc(C(=O)NCc2ccc(F)cc2)c(O)c(=O)n1C,7.82
CHEMBL3310089,C[C@@H](CO)NC(=O)c1c(O)c2ncc(Cc3ccc(F)cc3)cc2n(CC(=O)N(C)C)c1=O,8.15
CHEMBL277754,Cc1ccc(CNC(=O)c2nc(-c3cccs3)nc(O)c2O)cc1,7.155
CHEMBL2171670,COC(=O)c1[nH]cc(C(=O)NCc2ccc(F)cc2)c(=O)c1O,7.75
CHEMBL433666,Cc1cc(S(=O)(=O)Nc2nc(N)nc3nc4ccccc4n23)c(S)cc1Cl,5.06
CHEMBL3397845,COc1c(C(=O)N2CCN(CCCNC(=O)c3cc(O)c(O)c(O)c3)CC2)nc(Cc2ccc(Cl)cc2)n(C)c1=O,5.62
CHEMBL196391,COc1ccc2c(c1)c(/C(O)=C/C(=O)C(=O)O)cn2Cc1ccc(F)cc1,8.06
CHEMBL237503,C=C(NNC(=O)C1CC1c1ccccc1)c1cccc(NC(=O)C2CCCCC2C(=O)O)c1,4.25
CHEMBL171896,CCCCCc1cc2cc(O)cc(Oc3c(O)cc(O)c(C(=O)O)c3CCCCC)c2c(=O)o1,4.36
CHEMBL189892,COc1cc(/C=C/S(=O)(=O)CS(=O)(=O)/C=C/c2cc(OC)c(C(C)=O)c(C(C)=O)c2)cc(C(C)=O)c1C(C)=O,4.52
CHEMBL398558,O=C(CSc1nnnn1-c1ccccc1)NNC(=O)c1ccc(O)cc1O,4.19
CHEMBL412522,CC[C@H](C)[C@H](NC(=O)[C@H](Cc1c[nH]c2ccccc12)NC(=O)[C@@H](NC(=O)[C@H](C)NC(=O)[C@H](CCC(N)=O)NC(=O)[C@H](Cc1c[nH]c2ccccc12)NC(=O)[C@H](Cc1ccc(O)cc1)NC(=O)[C@H](CCC(=O)O)NC(=O)[C@@H](NC(=O)[C@H](Cc1c[nH]c2ccccc12)NC(=O)[C@H](Cc1c[nH]c2ccccc12)NC(=O)[C@@H](NC(=O)[C@H](CCC(=O)O)NC(=O)[C@H](Cc1c[nH]c2ccccc12)NC(=O)[C@@H](NC(=O)[C@@H](N)CCC(=O)O)[C@@H](C)O)[C@@H](C)O)[C@@H](C)O)[C@@H](C)O)C(=O)N1CCC[C@H]1C(=O)N[C@@H](CCC(=O)O)C(=O)N[C@@H](Cc1c[nH]c2ccccc12)C(=O)N[C@@H](CCC(=O)O)C(=O)O,5.047142857
CHEMBL3287912,Cc1nc(-c2ccccc2)c(C)c(-c2ccc3c(c2)CCCO3)c1[C@H](OC(C)(C)C)C(=O)O,7.4
CHEMBL1160386,Nc1ccn([C@H]2C[C@H](OP(=O)(O)OC[C@H]3OC[C@@H](n4ccc(=O)[nH]c4=O)[C@@H]3O)[C@@H](COP(=O)(O)O)O2)c(=O)n1,5.175
CHEMBL386055,COc1cnc2c(O)c3c(c(OC)c2c1)CN(Cc1ccc(F)cc1)C3=O,7.04
CHEMBL16326,O=C(O)C(=O)/C=C(\O)c1ccccc1,4.365
CHEMBL172545,CC(O)(/C=C/C1CC=CC(=O)O1)C(CC(O)/C=C/C=C/C=C/CO)OP(=O)(O)O,4.516666667
CHEMBL6246,O=c1oc2c(O)c(O)cc3c(=O)oc4c(O)c(O)cc1c4c23,5.29
CHEMBL193759,O=C(O)C(=O)/C=C(\O)c1cccc(Cc2ccccc2)c1,8
CHEMBL368509,C[C@H](c1ccccc1)N1C(=O)c2c(c(O)c3nccnc3c2O)C1=O,5.98
CHEMBL285696,CCCCCc1cc(O)cc2c1Oc1c(C=O)c(O)c(Cl)c(C(=O)CCCC)c1C(=O)O2,4.47
CHEMBL461652,COc1cccc(CNC(=O)c2nc(C(C)(C)NC(=O)C(=O)N(C)C)n(C)c(=O)c2O)c1OC,7.68
CHEMBL19464,O=C(O)C(=O)CC(=O)c1cccc(Cc2ccccc2)c1,8
CHEMBL2316113,CSCCNC(=O)c1c(O)c2ncc(Cc3ccc(F)cc3)cc2[nH]c1=O,8.3
CHEMBL3360124,Cn1ncnc1-c1cc(F)ccc1CNC(=O)c1nc(C2CCOC2)n(C)c(=O)c1O,8.22
CHEMBL513321,CC(C)(C)OC(=O)N1CCC(NC(=O)/C(O)=C/C(=O)c2ccc(F)cc2)CC1,4
CHEMBL1271425,COc1ccc(/C=C2\C(=O)N(c3cccc(Br)c3)N=C2OC(C)=O)cc1OCc1ccc(F)cc1,4
CHEMBL152850,O=C1NNC(=O)c2ccccc2SSc2ccccc2C(=O)NNC(=O)c2ccccc2SSc2ccccc21,5.2175
CHEMBL551808,CN(C)C(=O)CN1CCn2c(nc(C(=O)NCc3ccc(F)cc3)c(O)c2=O)C1(C)C,8.1
CHEMBL285415,COc1cc(C)c2c(c1C)OC(=O)c1c(C)c(Cl)c(O)c(C=O)c1O2,5.528333333
CHEMBL176570,COc1cc(C(=O)O)c2c(c1C)OC(=O)c1c(C)cc(O)c(C=O)c1O2,4.945
CHEMBL68073,C[Si](C)(C)C,5.035
CHEMBL29660,O=C(/C=C/c1ccc(O)c(O)c1)O[C@H](C(=O)O)[C@H](OC(=O)/C=C/c1ccc(O)c(O)c1)C(=O)O,7.16
CHEMBL3288271,O=C(Nc1ccc2c(c1)C(=O)N(O)C(=O)C2C(=O)NCc1ccc(F)cc1)c1ccccc1,7.1
CHEMBL565125,CC(C)(C)[C@@H](CO)n1cc(C(=O)O)c(=O)c2cc(Cc3cccc(Cl)c3F)ccc21,5.22
CHEMBL253138,O=C1c2c(ccc(O)c2O)CN1Cc1ccc(F)cc1,5
